REGION,TECHNOLOGY,EMISSION,YEAR,VALUE
"CLEWSity","AGRPST001","CH4",2020,0.276156325301205
"CLEWSity","AGRPST001","CH4",2021,0.281679451807229
"CLEWSity","AGRPST001","CH4",2022,0.287202578313253
"CLEWSity","AGRPST001","CH4",2023,0.292725704819277
"CLEWSity","AGRPST001","CH4",2024,0.298248831325301
"CLEWSity","AGRPST001","CH4",2025,0.305613
"CLEWSity","AGRPST001","CH4",2026,0.311136126506024
"CLEWSity","AGRPST001","CH4",2027,0.316659253012048
"CLEWSity","AGRPST001","CH4",2028,0.324023421686747
"CLEWSity","AGRPST001","CH4",2029,0.329546548192771
"CLEWSity","AGRPST001","CH4",2030,0.33691071686747
"CLEWSity","AGRPST001","CH4",2031,0.344274885542169
"CLEWSity","AGRPST001","CH4",2032,0.349798012048193
"CLEWSity","AGRPST001","CH4",2033,0.357162180722891
"CLEWSity","AGRPST001","CH4",2034,0.36452634939759
"CLEWSity","AGRPST001","CH4",2035,0.371890518072289
"CLEWSity","AGRPST001","CH4",2036,0.379254686746988
"CLEWSity","AGRPST001","CH4",2037,0.386618855421687
"CLEWSity","AGRPST001","CH4",2038,0.393983024096385
"CLEWSity","AGRPST001","CH4",2039,0.403188234939759
"CLEWSity","AGRPST001","CH4",2040,0.410552403614458
"CLEWSity","AGRPST001","CH4",2041,0.417916572289157
"CLEWSity","AGRPST001","CH4",2042,0.42712178313253
"CLEWSity","AGRPST001","CH4",2043,0.436326993975904
"CLEWSity","AGRPST001","CH4",2044,0.443691162650602
"CLEWSity","AGRPST001","CH4",2045,0.452896373493976
"CLEWSity","AGRPST001","CH4",2046,0.462101584337349
"CLEWSity","AGRPST001","CH4",2047,0.471306795180723
"CLEWSity","AGRPST001","CH4",2048,0.480512006024096
"CLEWSity","AGRPST001","CH4",2049,0.48971721686747
"CLEWSity","AGRPST001","CH4",2050,0.500763469879518
"CLEWSity","AGRPST001","CH4",2051,0.509968680722891
"CLEWSity","AGRPST001","CH4",2052,0.52101493373494
"CLEWSity","AGRPST001","CH4",2053,0.530220144578313
"CLEWSity","AGRPST001","CH4",2054,0.541266397590361
"CLEWSity","AGRPST001","CH4",2055,0.55231265060241
"CLEWSity","AGRPST001","CO2EQ",2020,7.73237710843373
"CLEWSity","AGRPST001","CO2EQ",2021,7.88702465060241
"CLEWSity","AGRPST001","CO2EQ",2022,8.04167219277108
"CLEWSity","AGRPST001","CO2EQ",2023,8.19631973493976
"CLEWSity","AGRPST001","CO2EQ",2024,8.35096727710843
"CLEWSity","AGRPST001","CO2EQ",2025,8.557164
"CLEWSity","AGRPST001","CO2EQ",2026,8.71181154216867
"CLEWSity","AGRPST001","CO2EQ",2027,8.86645908433735
"CLEWSity","AGRPST001","CO2EQ",2028,9.07265580722891
"CLEWSity","AGRPST001","CO2EQ",2029,9.22730334939759
"CLEWSity","AGRPST001","CO2EQ",2030,9.43350007228915
"CLEWSity","AGRPST001","CO2EQ",2031,9.63969679518072
"CLEWSity","AGRPST001","CO2EQ",2032,9.79434433734939
"CLEWSity","AGRPST001","CO2EQ",2033,10.000541060241
"CLEWSity","AGRPST001","CO2EQ",2034,10.2067377831325
"CLEWSity","AGRPST001","CO2EQ",2035,10.4129345060241
"CLEWSity","AGRPST001","CO2EQ",2036,10.6191312289157
"CLEWSity","AGRPST001","CO2EQ",2037,10.8253279518072
"CLEWSity","AGRPST001","CO2EQ",2038,11.0315246746988
"CLEWSity","AGRPST001","CO2EQ",2039,11.2892705783132
"CLEWSity","AGRPST001","CO2EQ",2040,11.4954673012048
"CLEWSity","AGRPST001","CO2EQ",2041,11.7016640240964
"CLEWSity","AGRPST001","CO2EQ",2042,11.9594099277108
"CLEWSity","AGRPST001","CO2EQ",2043,12.2171558313253
"CLEWSity","AGRPST001","CO2EQ",2044,12.4233525542169
"CLEWSity","AGRPST001","CO2EQ",2045,12.6810984578313
"CLEWSity","AGRPST001","CO2EQ",2046,12.9388443614458
"CLEWSity","AGRPST001","CO2EQ",2047,13.1965902650602
"CLEWSity","AGRPST001","CO2EQ",2048,13.4543361686747
"CLEWSity","AGRPST001","CO2EQ",2049,13.7120820722892
"CLEWSity","AGRPST001","CO2EQ",2050,14.0213771566265
"CLEWSity","AGRPST001","CO2EQ",2051,14.279123060241
"CLEWSity","AGRPST001","CO2EQ",2052,14.5884181445783
"CLEWSity","AGRPST001","CO2EQ",2053,14.8461640481928
"CLEWSity","AGRPST001","CO2EQ",2054,15.1554591325301
"CLEWSity","AGRPST001","CO2EQ",2055,15.4647542168675
"CLEWSity","FORWOO001","CH4",2020,0.00027123
"CLEWSity","FORWOO001","CH4",2021,0.00027666
"CLEWSity","FORWOO001","CH4",2022,0.00028221
"CLEWSity","FORWOO001","CH4",2023,0.00028785
"CLEWSity","FORWOO001","CH4",2024,0.00029361
"CLEWSity","FORWOO001","CH4",2025,0.00029946
"CLEWSity","FORWOO001","CH4",2026,0.00030546
"CLEWSity","FORWOO001","CH4",2027,0.00031158
"CLEWSity","FORWOO001","CH4",2028,0.00031779
"CLEWSity","FORWOO001","CH4",2029,0.00032415
"CLEWSity","FORWOO001","CH4",2030,0.00033063
"CLEWSity","FORWOO001","CH4",2031,0.00033726
"CLEWSity","FORWOO001","CH4",2032,0.00034401
"CLEWSity","FORWOO001","CH4",2033,0.00035088
"CLEWSity","FORWOO001","CH4",2034,0.0003579
"CLEWSity","FORWOO001","CH4",2035,0.00036504
"CLEWSity","FORWOO001","CH4",2036,0.00037236
"CLEWSity","FORWOO001","CH4",2037,0.0003798
"CLEWSity","FORWOO001","CH4",2038,0.00038739
"CLEWSity","FORWOO001","CH4",2039,0.00039516
"CLEWSity","FORWOO001","CH4",2040,0.00040305
"CLEWSity","FORWOO001","CH4",2041,0.00041112
"CLEWSity","FORWOO001","CH4",2042,0.00041934
"CLEWSity","FORWOO001","CH4",2043,0.00042771
"CLEWSity","FORWOO001","CH4",2044,0.00043626
"CLEWSity","FORWOO001","CH4",2045,0.00044499
"CLEWSity","FORWOO001","CH4",2046,0.0004539
"CLEWSity","FORWOO001","CH4",2047,0.00046299
"CLEWSity","FORWOO001","CH4",2048,0.00047223
"CLEWSity","FORWOO001","CH4",2049,0.00048168
"CLEWSity","FORWOO001","CH4",2050,0.00049131
"CLEWSity","FORWOO001","CH4",2051,0.00050115
"CLEWSity","FORWOO001","CH4",2052,0.00051117
"CLEWSity","FORWOO001","CH4",2053,0.0005214
"CLEWSity","FORWOO001","CH4",2054,0.00053181
"CLEWSity","FORWOO001","CH4",2055,0.00054246
"CLEWSity","FORWOO001","CO2",2020,1.012592
"CLEWSity","FORWOO001","CO2",2021,1.032864
"CLEWSity","FORWOO001","CO2",2022,1.053584
"CLEWSity","FORWOO001","CO2",2023,1.07464
"CLEWSity","FORWOO001","CO2",2024,1.096144
"CLEWSity","FORWOO001","CO2",2025,1.117984
"CLEWSity","FORWOO001","CO2",2026,1.140384
"CLEWSity","FORWOO001","CO2",2027,1.163232
"CLEWSity","FORWOO001","CO2",2028,1.186416
"CLEWSity","FORWOO001","CO2",2029,1.21016
"CLEWSity","FORWOO001","CO2",2030,1.234352
"CLEWSity","FORWOO001","CO2",2031,1.259104
"CLEWSity","FORWOO001","CO2",2032,1.284304
"CLEWSity","FORWOO001","CO2",2033,1.309952
"CLEWSity","FORWOO001","CO2",2034,1.33616
"CLEWSity","FORWOO001","CO2",2035,1.362816
"CLEWSity","FORWOO001","CO2",2036,1.390144
"CLEWSity","FORWOO001","CO2",2037,1.41792
"CLEWSity","FORWOO001","CO2",2038,1.446256
"CLEWSity","FORWOO001","CO2",2039,1.475264
"CLEWSity","FORWOO001","CO2",2040,1.50472
"CLEWSity","FORWOO001","CO2",2041,1.534848
"CLEWSity","FORWOO001","CO2",2042,1.565536
"CLEWSity","FORWOO001","CO2",2043,1.596784
"CLEWSity","FORWOO001","CO2",2044,1.628704
"CLEWSity","FORWOO001","CO2",2045,1.661296
"CLEWSity","FORWOO001","CO2",2046,1.69456
"CLEWSity","FORWOO001","CO2",2047,1.728496
"CLEWSity","FORWOO001","CO2",2048,1.762992
"CLEWSity","FORWOO001","CO2",2049,1.798272
"CLEWSity","FORWOO001","CO2",2050,1.834224
"CLEWSity","FORWOO001","CO2",2051,1.87096
"CLEWSity","FORWOO001","CO2",2052,1.908368
"CLEWSity","FORWOO001","CO2",2053,1.94656
"CLEWSity","FORWOO001","CO2",2054,1.985424
"CLEWSity","FORWOO001","CO2",2055,2.025184
"CLEWSity","FORWOO001","CO2EQ",2020,1.093961
"CLEWSity","FORWOO001","CO2EQ",2021,1.115862
"CLEWSity","FORWOO001","CO2EQ",2022,1.138247
"CLEWSity","FORWOO001","CO2EQ",2023,1.160995
"CLEWSity","FORWOO001","CO2EQ",2024,1.184227
"CLEWSity","FORWOO001","CO2EQ",2025,1.207822
"CLEWSity","FORWOO001","CO2EQ",2026,1.232022
"CLEWSity","FORWOO001","CO2EQ",2027,1.256706
"CLEWSity","FORWOO001","CO2EQ",2028,1.281753
"CLEWSity","FORWOO001","CO2EQ",2029,1.307405
"CLEWSity","FORWOO001","CO2EQ",2030,1.333541
"CLEWSity","FORWOO001","CO2EQ",2031,1.360282
"CLEWSity","FORWOO001","CO2EQ",2032,1.387507
"CLEWSity","FORWOO001","CO2EQ",2033,1.415216
"CLEWSity","FORWOO001","CO2EQ",2034,1.44353
"CLEWSity","FORWOO001","CO2EQ",2035,1.472328
"CLEWSity","FORWOO001","CO2EQ",2036,1.501852
"CLEWSity","FORWOO001","CO2EQ",2037,1.53186
"CLEWSity","FORWOO001","CO2EQ",2038,1.562473
"CLEWSity","FORWOO001","CO2EQ",2039,1.593812
"CLEWSity","FORWOO001","CO2EQ",2040,1.625635
"CLEWSity","FORWOO001","CO2EQ",2041,1.658184
"CLEWSity","FORWOO001","CO2EQ",2042,1.691338
"CLEWSity","FORWOO001","CO2EQ",2043,1.725097
"CLEWSity","FORWOO001","CO2EQ",2044,1.759582
"CLEWSity","FORWOO001","CO2EQ",2045,1.794793
"CLEWSity","FORWOO001","CO2EQ",2046,1.83073
"CLEWSity","FORWOO001","CO2EQ",2047,1.867393
"CLEWSity","FORWOO001","CO2EQ",2048,1.904661
"CLEWSity","FORWOO001","CO2EQ",2049,1.942776
"CLEWSity","FORWOO001","CO2EQ",2050,1.981617
"CLEWSity","FORWOO001","CO2EQ",2051,2.021305
"CLEWSity","FORWOO001","CO2EQ",2052,2.061719
"CLEWSity","FORWOO001","CO2EQ",2053,2.10298
"CLEWSity","FORWOO001","CO2EQ",2054,2.144967
"CLEWSity","FORWOO001","CO2EQ",2055,2.187922
"CLEWSity","FORWOO001","N2O",2020,3.6164e-05
"CLEWSity","FORWOO001","N2O",2021,3.6888e-05
"CLEWSity","FORWOO001","N2O",2022,3.7628e-05
"CLEWSity","FORWOO001","N2O",2023,3.838e-05
"CLEWSity","FORWOO001","N2O",2024,3.9148e-05
"CLEWSity","FORWOO001","N2O",2025,3.9928e-05
"CLEWSity","FORWOO001","N2O",2026,4.0728e-05
"CLEWSity","FORWOO001","N2O",2027,4.1544e-05
"CLEWSity","FORWOO001","N2O",2028,4.2372e-05
"CLEWSity","FORWOO001","N2O",2029,4.322e-05
"CLEWSity","FORWOO001","N2O",2030,4.4084e-05
"CLEWSity","FORWOO001","N2O",2031,4.4968e-05
"CLEWSity","FORWOO001","N2O",2032,4.5868e-05
"CLEWSity","FORWOO001","N2O",2033,4.6784e-05
"CLEWSity","FORWOO001","N2O",2034,4.772e-05
"CLEWSity","FORWOO001","N2O",2035,4.8672e-05
"CLEWSity","FORWOO001","N2O",2036,4.9648e-05
"CLEWSity","FORWOO001","N2O",2037,5.064e-05
"CLEWSity","FORWOO001","N2O",2038,5.1652e-05
"CLEWSity","FORWOO001","N2O",2039,5.2688e-05
"CLEWSity","FORWOO001","N2O",2040,5.374e-05
"CLEWSity","FORWOO001","N2O",2041,5.4816e-05
"CLEWSity","FORWOO001","N2O",2042,5.5912e-05
"CLEWSity","FORWOO001","N2O",2043,5.7028e-05
"CLEWSity","FORWOO001","N2O",2044,5.8168e-05
"CLEWSity","FORWOO001","N2O",2045,5.9332e-05
"CLEWSity","FORWOO001","N2O",2046,6.052e-05
"CLEWSity","FORWOO001","N2O",2047,6.1732e-05
"CLEWSity","FORWOO001","N2O",2048,6.2964e-05
"CLEWSity","FORWOO001","N2O",2049,6.4224e-05
"CLEWSity","FORWOO001","N2O",2050,6.5508e-05
"CLEWSity","FORWOO001","N2O",2051,6.682e-05
"CLEWSity","FORWOO001","N2O",2052,6.8156e-05
"CLEWSity","FORWOO001","N2O",2053,6.952e-05
"CLEWSity","FORWOO001","N2O",2054,7.0908e-05
"CLEWSity","FORWOO001","N2O",2055,7.2328e-05
"CLEWSity","IMPDSL001","CH4",2020,2.02219857681551e-05
"CLEWSity","IMPDSL001","CH4",2021,3.14563956916552e-05
"CLEWSity","IMPDSL001","CH4",2022,4.53156929959582e-05
"CLEWSity","IMPDSL001","CH4",2023,5.77215131226926e-05
"CLEWSity","IMPDSL001","CH4",2024,6.97288395750353e-05
"CLEWSity","IMPDSL001","CH4",2025,7.35868736982353e-05
"CLEWSity","IMPDSL001","CH4",2026,5.07092802157207e-05
"CLEWSity","IMPDSL001","CH4",2027,4.22033715497365e-05
"CLEWSity","IMPDSL001","CH4",2028,5.02205863750315e-05
"CLEWSity","IMPDSL001","CH4",2029,4.96114516065353e-05
"CLEWSity","IMPDSL001","CH4",2030,6.84133146891149e-05
"CLEWSity","IMPDSL001","CH4",2031,5.21881435491305e-05
"CLEWSity","IMPDSL001","CH4",2032,3.9994251275159e-05
"CLEWSity","IMPDSL001","CH4",2033,2.40066116194555e-05
"CLEWSity","IMPDSL001","CH4",2034,1.28946951056105e-05
"CLEWSity","IMPDSL001","CH4",2035,1.30295441800222e-05
"CLEWSity","IMPDSL001","CH4",2036,1.31331764459808e-05
"CLEWSity","IMPDSL001","CH4",2037,1.31882432436467e-05
"CLEWSity","IMPDSL001","CH4",2038,1.33518789784171e-05
"CLEWSity","IMPDSL001","CH4",2039,1.38881766110274e-05
"CLEWSity","IMPDSL001","CH4",2040,2.78775821777314e-05
"CLEWSity","IMPDSL001","CH4",2041,2.09126845745621e-05
"CLEWSity","IMPDSL001","CH4",2042,1.41140205035294e-05
"CLEWSity","IMPDSL001","CH4",2043,1.44029607811765e-05
"CLEWSity","IMPDSL001","CH4",2044,1.46779033129412e-05
"CLEWSity","IMPDSL001","CH4",2045,1.48430628669039e-05
"CLEWSity","IMPDSL001","CH4",2046,1.54613911623529e-05
"CLEWSity","IMPDSL001","CH4",2047,1.578407568e-05
"CLEWSity","IMPDSL001","CH4",2048,1.61067601976471e-05
"CLEWSity","IMPDSL001","CH4",2049,1.64741838494118e-05
"CLEWSity","IMPDSL001","CH4",2050,1.68132889270588e-05
"CLEWSity","IMPDSL001","CH4",2051,1.72267245882353e-05
"CLEWSity","IMPDSL001","CH4",2052,1.76448932894118e-05
"CLEWSity","IMPDSL001","CH4",2053,1.80723312564706e-05
"CLEWSity","IMPDSL001","CH4",2054,1.84857623576471e-05
"CLEWSity","IMPDSL001","CH4",2055,2.45711458956275e-05
"CLEWSity","IMPDSL001","CO2",2020,0.499483048473432
"CLEWSity","IMPDSL001","CO2",2021,0.776972973583884
"CLEWSity","IMPDSL001","CO2",2022,1.11929761700017
"CLEWSity","IMPDSL001","CO2",2023,1.42572137413051
"CLEWSity","IMPDSL001","CO2",2024,1.72230233750337
"CLEWSity","IMPDSL001","CO2",2025,1.81759578034641
"CLEWSity","IMPDSL001","CO2",2026,1.2525192213283
"CLEWSity","IMPDSL001","CO2",2027,1.04242327727849
"CLEWSity","IMPDSL001","CO2",2028,1.24044848346328
"CLEWSity","IMPDSL001","CO2",2029,1.22540285468142
"CLEWSity","IMPDSL001","CO2",2030,1.68980887282114
"CLEWSity","IMPDSL001","CO2",2031,1.28904714566352
"CLEWSity","IMPDSL001","CO2",2032,0.987858006496426
"CLEWSity","IMPDSL001","CO2",2033,0.59296330700055
"CLEWSity","IMPDSL001","CO2",2034,0.318498969108578
"CLEWSity","IMPDSL001","CO2",2035,0.321829741246549
"CLEWSity","IMPDSL001","CO2",2036,0.324389458215727
"CLEWSity","IMPDSL001","CO2",2037,0.325749608118074
"CLEWSity","IMPDSL001","CO2",2038,0.329791410766903
"CLEWSity","IMPDSL001","CO2",2039,0.343037962292376
"CLEWSity","IMPDSL001","CO2",2040,0.688576279789965
"CLEWSity","IMPDSL001","CO2",2041,0.516543308991683
"CLEWSity","IMPDSL001","CO2",2042,0.348616306437176
"CLEWSity","IMPDSL001","CO2",2043,0.355753131295059
"CLEWSity","IMPDSL001","CO2",2044,0.362544211829647
"CLEWSity","IMPDSL001","CO2",2045,0.366623652812526
"CLEWSity","IMPDSL001","CO2",2046,0.381896361710118
"CLEWSity","IMPDSL001","CO2",2047,0.389866669296
"CLEWSity","IMPDSL001","CO2",2048,0.397836976881882
"CLEWSity","IMPDSL001","CO2",2049,0.406912341080471
"CLEWSity","IMPDSL001","CO2",2050,0.415288236498353
"CLEWSity","IMPDSL001","CO2",2051,0.425500097329412
"CLEWSity","IMPDSL001","CO2",2052,0.435828864248471
"CLEWSity","IMPDSL001","CO2",2053,0.446386582034824
"CLEWSity","IMPDSL001","CO2",2054,0.456598330233883
"CLEWSity","IMPDSL001","CO2",2055,0.606907303621999
"CLEWSity","IMPDSL001","CO2EQ",2020,0.501121029320652
"CLEWSity","IMPDSL001","CO2EQ",2021,0.779520941634908
"CLEWSity","IMPDSL001","CO2EQ",2022,1.12296818813284
"CLEWSity","IMPDSL001","CO2EQ",2023,1.43039681669345
"CLEWSity","IMPDSL001","CO2EQ",2024,1.72795037350895
"CLEWSity","IMPDSL001","CO2EQ",2025,1.82355631711597
"CLEWSity","IMPDSL001","CO2EQ",2026,1.25662667302577
"CLEWSity","IMPDSL001","CO2EQ",2027,1.04584175037402
"CLEWSity","IMPDSL001","CO2EQ",2028,1.24451635095966
"CLEWSity","IMPDSL001","CO2EQ",2029,1.22942138226155
"CLEWSity","IMPDSL001","CO2EQ",2030,1.69535035131096
"CLEWSity","IMPDSL001","CO2EQ",2031,1.293274385291
"CLEWSity","IMPDSL001","CO2EQ",2032,0.991097540849714
"CLEWSity","IMPDSL001","CO2EQ",2033,0.594907842541726
"CLEWSity","IMPDSL001","CO2EQ",2034,0.319543439412133
"CLEWSity","IMPDSL001","CO2EQ",2035,0.322885134325131
"CLEWSity","IMPDSL001","CO2EQ",2036,0.325453245507851
"CLEWSity","IMPDSL001","CO2EQ",2037,0.32681785582081
"CLEWSity","IMPDSL001","CO2EQ",2038,0.330872912964155
"CLEWSity","IMPDSL001","CO2EQ",2039,0.344162904597869
"CLEWSity","IMPDSL001","CO2EQ",2040,0.690834363946361
"CLEWSity","IMPDSL001","CO2EQ",2041,0.518237236442223
"CLEWSity","IMPDSL001","CO2EQ",2042,0.349759542097962
"CLEWSity","IMPDSL001","CO2EQ",2043,0.356919771118334
"CLEWSity","IMPDSL001","CO2EQ",2044,0.363733121997995
"CLEWSity","IMPDSL001","CO2EQ",2045,0.367825940904746
"CLEWSity","IMPDSL001","CO2EQ",2046,0.383148734394268
"CLEWSity","IMPDSL001","CO2EQ",2047,0.39114517942608
"CLEWSity","IMPDSL001","CO2EQ",2048,0.399141624457892
"CLEWSity","IMPDSL001","CO2EQ",2049,0.408246749972273
"CLEWSity","IMPDSL001","CO2EQ",2050,0.416650112901445
"CLEWSity","IMPDSL001","CO2EQ",2051,0.426895462021059
"CLEWSity","IMPDSL001","CO2EQ",2052,0.437258100604913
"CLEWSity","IMPDSL001","CO2EQ",2053,0.447850440866598
"CLEWSity","IMPDSL001","CO2EQ",2054,0.458095676984852
"CLEWSity","IMPDSL001","CO2EQ",2055,0.608897566439545
"CLEWSity","IMPDSL001","N2O",2020,6.74066192271838e-06
"CLEWSity","IMPDSL001","N2O",2021,1.04854652305517e-05
"CLEWSity","IMPDSL001","N2O",2022,1.51052309986527e-05
"CLEWSity","IMPDSL001","N2O",2023,1.92405043742309e-05
"CLEWSity","IMPDSL001","N2O",2024,2.32429465250118e-05
"CLEWSity","IMPDSL001","N2O",2025,2.45289578994118e-05
"CLEWSity","IMPDSL001","N2O",2026,1.69030934052402e-05
"CLEWSity","IMPDSL001","N2O",2027,1.40677905165788e-05
"CLEWSity","IMPDSL001","N2O",2028,1.67401954583438e-05
"CLEWSity","IMPDSL001","N2O",2029,1.65371505355117e-05
"CLEWSity","IMPDSL001","N2O",2030,2.2804438229705e-05
"CLEWSity","IMPDSL001","N2O",2031,1.73960478497102e-05
"CLEWSity","IMPDSL001","N2O",2032,1.33314170917197e-05
"CLEWSity","IMPDSL001","N2O",2033,8.00220387315182e-06
"CLEWSity","IMPDSL001","N2O",2034,4.29823170187015e-06
"CLEWSity","IMPDSL001","N2O",2035,4.34318139334074e-06
"CLEWSity","IMPDSL001","N2O",2036,4.37772548199361e-06
"CLEWSity","IMPDSL001","N2O",2037,4.39608108121557e-06
"CLEWSity","IMPDSL001","N2O",2038,4.45062632613904e-06
"CLEWSity","IMPDSL001","N2O",2039,4.62939220367578e-06
"CLEWSity","IMPDSL001","N2O",2040,9.29252739257713e-06
"CLEWSity","IMPDSL001","N2O",2041,6.97089485818736e-06
"CLEWSity","IMPDSL001","N2O",2042,4.70467350117647e-06
"CLEWSity","IMPDSL001","N2O",2043,4.80098692705882e-06
"CLEWSity","IMPDSL001","N2O",2044,4.89263443764706e-06
"CLEWSity","IMPDSL001","N2O",2045,4.9476876223013e-06
"CLEWSity","IMPDSL001","N2O",2046,5.15379705411765e-06
"CLEWSity","IMPDSL001","N2O",2047,5.26135856e-06
"CLEWSity","IMPDSL001","N2O",2048,5.36892006588235e-06
"CLEWSity","IMPDSL001","N2O",2049,5.49139461647059e-06
"CLEWSity","IMPDSL001","N2O",2050,5.60442964235294e-06
"CLEWSity","IMPDSL001","N2O",2051,5.74224152941176e-06
"CLEWSity","IMPDSL001","N2O",2052,5.88163109647059e-06
"CLEWSity","IMPDSL001","N2O",2053,6.02411041882353e-06
"CLEWSity","IMPDSL001","N2O",2054,6.16192078588236e-06
"CLEWSity","IMPDSL001","N2O",2055,8.19038196520917e-06
"CLEWSity","IMPGSL001","CH4",2020,5.17938122171946e-06
"CLEWSity","IMPGSL001","CH4",2021,5.22578984092309e-06
"CLEWSity","IMPGSL001","CH4",2022,5.28158278968722e-06
"CLEWSity","IMPGSL001","CH4",2023,5.44688523270717e-06
"CLEWSity","IMPGSL001","CH4",2024,5.45543837622451e-06
"CLEWSity","IMPGSL001","CH4",2025,5.44517834911765e-06
"CLEWSity","IMPGSL001","CH4",2026,5.56439385352941e-06
"CLEWSity","IMPGSL001","CH4",2027,5.68587291088235e-06
"CLEWSity","IMPGSL001","CH4",2028,5.7559363932353e-06
"CLEWSity","IMPGSL001","CH4",2029,5.83062698955882e-06
"CLEWSity","IMPGSL001","CH4",2030,5.90068332794118e-06
"CLEWSity","IMPGSL001","CH4",2031,5.99875655090498e-06
"CLEWSity","IMPGSL001","CH4",2032,6.09219218195701e-06
"CLEWSity","IMPGSL001","CH4",2033,6.19262896595023e-06
"CLEWSity","IMPGSL001","CH4",2034,6.28108262858223e-06
"CLEWSity","IMPGSL001","CH4",2035,6.36080754078811e-06
"CLEWSity","IMPGSL001","CH4",2036,6.42971469228594e-06
"CLEWSity","IMPGSL001","CH4",2037,6.47788359502493e-06
"CLEWSity","IMPGSL001","CH4",2038,6.57187732423349e-06
"CLEWSity","IMPGSL001","CH4",2039,6.82145876923423e-06
"CLEWSity","IMPGSL001","CH4",2040,6.76683101911764e-06
"CLEWSity","IMPGSL001","CH4",2041,6.87902114575792e-06
"CLEWSity","IMPGSL001","CH4",2042,7.0002903767647e-06
"CLEWSity","IMPGSL001","CH4",2043,7.14792514058824e-06
"CLEWSity","IMPGSL001","CH4",2044,7.28856065647059e-06
"CLEWSity","IMPGSL001","CH4",2045,7.3840947890181e-06
"CLEWSity","IMPGSL001","CH4",2046,7.66857383117647e-06
"CLEWSity","IMPGSL001","CH4",2047,7.82991609e-06
"CLEWSity","IMPGSL001","CH4",2048,7.99125834882353e-06
"CLEWSity","IMPGSL001","CH4",2049,8.17091867470588e-06
"CLEWSity","IMPGSL001","CH4",2050,8.33912083852941e-06
"CLEWSity","IMPGSL001","CH4",2051,8.54415041911765e-06
"CLEWSity","IMPGSL001","CH4",2052,8.75154689470588e-06
"CLEWSity","IMPGSL001","CH4",2053,8.96357762823529e-06
"CLEWSity","IMPGSL001","CH4",2054,9.16860530382354e-06
"CLEWSity","IMPGSL001","CH4",2055,9.38063603735294e-06
"CLEWSity","IMPGSL001","CO2",2020,0.119643706221719
"CLEWSity","IMPGSL001","CO2",2021,0.120715745325323
"CLEWSity","IMPGSL001","CO2",2022,0.122004562441775
"CLEWSity","IMPGSL001","CO2",2023,0.125823048875536
"CLEWSity","IMPGSL001","CO2",2024,0.126020626490786
"CLEWSity","IMPGSL001","CO2",2025,0.125783619864618
"CLEWSity","IMPGSL001","CO2",2026,0.128537498016529
"CLEWSity","IMPGSL001","CO2",2027,0.131343664241382
"CLEWSity","IMPGSL001","CO2",2028,0.132962130683735
"CLEWSity","IMPGSL001","CO2",2029,0.134687483458809
"CLEWSity","IMPGSL001","CO2",2030,0.136305784875441
"CLEWSity","IMPGSL001","CO2",2031,0.138571276325905
"CLEWSity","IMPGSL001","CO2",2032,0.140729639403207
"CLEWSity","IMPGSL001","CO2",2033,0.14304972911345
"CLEWSity","IMPGSL001","CO2",2034,0.14509300872025
"CLEWSity","IMPGSL001","CO2",2035,0.146934654192205
"CLEWSity","IMPGSL001","CO2",2036,0.148526409391805
"CLEWSity","IMPGSL001","CO2",2037,0.149639111045076
"CLEWSity","IMPGSL001","CO2",2038,0.151810366189794
"CLEWSity","IMPGSL001","CO2",2039,0.157575697569311
"CLEWSity","IMPGSL001","CO2",2040,0.156313796541618
"CLEWSity","IMPGSL001","CO2",2041,0.158905388467008
"CLEWSity","IMPGSL001","CO2",2042,0.161706707703265
"CLEWSity","IMPGSL001","CO2",2043,0.165117070747588
"CLEWSity","IMPGSL001","CO2",2044,0.168365751164471
"CLEWSity","IMPGSL001","CO2",2045,0.170572589626318
"CLEWSity","IMPGSL001","CO2",2046,0.177144055500176
"CLEWSity","IMPGSL001","CO2",2047,0.180871061679
"CLEWSity","IMPGSL001","CO2",2048,0.184598067857823
"CLEWSity","IMPGSL001","CO2",2049,0.188748221385706
"CLEWSity","IMPGSL001","CO2",2050,0.192633691370029
"CLEWSity","IMPGSL001","CO2",2051,0.197369874681618
"CLEWSity","IMPGSL001","CO2",2052,0.202160733267706
"CLEWSity","IMPGSL001","CO2",2053,0.207058643212235
"CLEWSity","IMPGSL001","CO2",2054,0.211794782518324
"CLEWSity","IMPGSL001","CO2",2055,0.216692692462853
"CLEWSity","IMPGSL001","CO2EQ",2020,0.120063236100679
"CLEWSity","IMPGSL001","CO2EQ",2021,0.121139034302438
"CLEWSity","IMPGSL001","CO2EQ",2022,0.122432370647739
"CLEWSity","IMPGSL001","CO2EQ",2023,0.126264246579385
"CLEWSity","IMPGSL001","CO2EQ",2024,0.12646251699926
"CLEWSity","IMPGSL001","CO2EQ",2025,0.126224679310896
"CLEWSity","IMPGSL001","CO2EQ",2026,0.128988213918665
"CLEWSity","IMPGSL001","CO2EQ",2027,0.131804219947164
"CLEWSity","IMPGSL001","CO2EQ",2028,0.133428361531587
"CLEWSity","IMPGSL001","CO2EQ",2029,0.135159764244963
"CLEWSity","IMPGSL001","CO2EQ",2030,0.136783740225004
"CLEWSity","IMPGSL001","CO2EQ",2031,0.139057175606528
"CLEWSity","IMPGSL001","CO2EQ",2032,0.141223106969945
"CLEWSity","IMPGSL001","CO2EQ",2033,0.143551332059692
"CLEWSity","IMPGSL001","CO2EQ",2034,0.145601776413165
"CLEWSity","IMPGSL001","CO2EQ",2035,0.147449879603009
"CLEWSity","IMPGSL001","CO2EQ",2036,0.14904721628188
"CLEWSity","IMPGSL001","CO2EQ",2037,0.150163819616273
"CLEWSity","IMPGSL001","CO2EQ",2038,0.152342688253057
"CLEWSity","IMPGSL001","CO2EQ",2039,0.158128235729619
"CLEWSity","IMPGSL001","CO2EQ",2040,0.156861909854166
"CLEWSity","IMPGSL001","CO2EQ",2041,0.159462589179814
"CLEWSity","IMPGSL001","CO2EQ",2042,0.162273731223783
"CLEWSity","IMPGSL001","CO2EQ",2043,0.165696052683976
"CLEWSity","IMPGSL001","CO2EQ",2044,0.168956124577645
"CLEWSity","IMPGSL001","CO2EQ",2045,0.171170701304228
"CLEWSity","IMPGSL001","CO2EQ",2046,0.177765209980502
"CLEWSity","IMPGSL001","CO2EQ",2047,0.18150528488229
"CLEWSity","IMPGSL001","CO2EQ",2048,0.185245359784078
"CLEWSity","IMPGSL001","CO2EQ",2049,0.189410065798357
"CLEWSity","IMPGSL001","CO2EQ",2050,0.19330916015795
"CLEWSity","IMPGSL001","CO2EQ",2051,0.198061950865566
"CLEWSity","IMPGSL001","CO2EQ",2052,0.202869608566177
"CLEWSity","IMPGSL001","CO2EQ",2053,0.207784693000122
"CLEWSity","IMPGSL001","CO2EQ",2054,0.212537439547933
"CLEWSity","IMPGSL001","CO2EQ",2055,0.217452523981878
"CLEWSity","IMPGSL001","N2O",2020,1.72646040723982e-06
"CLEWSity","IMPGSL001","N2O",2021,1.74192994697436e-06
"CLEWSity","IMPGSL001","N2O",2022,1.76052759656241e-06
"CLEWSity","IMPGSL001","N2O",2023,1.81562841090239e-06
"CLEWSity","IMPGSL001","N2O",2024,1.8184794587415e-06
"CLEWSity","IMPGSL001","N2O",2025,1.81505944970588e-06
"CLEWSity","IMPGSL001","N2O",2026,1.85479795117647e-06
"CLEWSity","IMPGSL001","N2O",2027,1.89529097029412e-06
"CLEWSity","IMPGSL001","N2O",2028,1.91864546441177e-06
"CLEWSity","IMPGSL001","N2O",2029,1.94354232985294e-06
"CLEWSity","IMPGSL001","N2O",2030,1.96689444264706e-06
"CLEWSity","IMPGSL001","N2O",2031,1.99958551696833e-06
"CLEWSity","IMPGSL001","N2O",2032,2.030730727319e-06
"CLEWSity","IMPGSL001","N2O",2033,2.06420965531674e-06
"CLEWSity","IMPGSL001","N2O",2034,2.09369420952741e-06
"CLEWSity","IMPGSL001","N2O",2035,2.12026918026271e-06
"CLEWSity","IMPGSL001","N2O",2036,2.14323823076198e-06
"CLEWSity","IMPGSL001","N2O",2037,2.15929453167498e-06
"CLEWSity","IMPGSL001","N2O",2038,2.1906257747445e-06
"CLEWSity","IMPGSL001","N2O",2039,2.27381958974474e-06
"CLEWSity","IMPGSL001","N2O",2040,2.25561033970588e-06
"CLEWSity","IMPGSL001","N2O",2041,2.29300704858597e-06
"CLEWSity","IMPGSL001","N2O",2042,2.33343012558823e-06
"CLEWSity","IMPGSL001","N2O",2043,2.38264171352941e-06
"CLEWSity","IMPGSL001","N2O",2044,2.42952021882353e-06
"CLEWSity","IMPGSL001","N2O",2045,2.4613649296727e-06
"CLEWSity","IMPGSL001","N2O",2046,2.55619127705882e-06
"CLEWSity","IMPGSL001","N2O",2047,2.60997203e-06
"CLEWSity","IMPGSL001","N2O",2048,2.66375278294118e-06
"CLEWSity","IMPGSL001","N2O",2049,2.72363955823529e-06
"CLEWSity","IMPGSL001","N2O",2050,2.77970694617647e-06
"CLEWSity","IMPGSL001","N2O",2051,2.84805013970588e-06
"CLEWSity","IMPGSL001","N2O",2052,2.91718229823529e-06
"CLEWSity","IMPGSL001","N2O",2053,2.98785920941176e-06
"CLEWSity","IMPGSL001","N2O",2054,3.05620176794118e-06
"CLEWSity","IMPGSL001","N2O",2055,3.12687867911765e-06
"CLEWSity","LNDFOR001","CO2",2020,-41.475
"CLEWSity","LNDFOR001","CO2",2021,-40.7877
"CLEWSity","LNDFOR001","CO2",2022,-40.0925
"CLEWSity","LNDFOR001","CO2",2023,-39.4052
"CLEWSity","LNDFOR001","CO2",2024,-38.71
"CLEWSity","LNDFOR001","CO2",2025,-38.0227
"CLEWSity","LNDFOR001","CO2",2026,-37.3275
"CLEWSity","LNDFOR001","CO2",2027,-36.6402
"CLEWSity","LNDFOR001","CO2",2028,-35.945
"CLEWSity","LNDFOR001","CO2",2029,-35.2577
"CLEWSity","LNDFOR001","CO2",2030,-34.5625
"CLEWSity","LNDFOR001","CO2",2031,-33.8752
"CLEWSity","LNDFOR001","CO2",2032,-33.18
"CLEWSity","LNDFOR001","CO2",2033,-32.4927
"CLEWSity","LNDFOR001","CO2",2034,-31.7975
"CLEWSity","LNDFOR001","CO2",2035,-31.1102
"CLEWSity","LNDFOR001","CO2",2036,-30.415
"CLEWSity","LNDFOR001","CO2",2037,-29.7277
"CLEWSity","LNDFOR001","CO2",2038,-29.0325
"CLEWSity","LNDFOR001","CO2",2039,-28.3452
"CLEWSity","LNDFOR001","CO2",2040,-27.65
"CLEWSity","LNDFOR001","CO2",2041,-26.9627
"CLEWSity","LNDFOR001","CO2",2042,-26.2675
"CLEWSity","LNDFOR001","CO2",2043,-25.5802
"CLEWSity","LNDFOR001","CO2",2044,-24.885
"CLEWSity","LNDFOR001","CO2",2045,-24.1977
"CLEWSity","LNDFOR001","CO2",2046,-23.7
"CLEWSity","LNDFOR001","CO2",2047,-23.7
"CLEWSity","LNDFOR001","CO2",2048,-23.7
"CLEWSity","LNDFOR001","CO2",2049,-23.7
"CLEWSity","LNDFOR001","CO2",2050,-23.7
"CLEWSity","LNDFOR001","CO2",2051,-23.7
"CLEWSity","LNDFOR001","CO2",2052,-23.7
"CLEWSity","LNDFOR001","CO2",2053,-23.7
"CLEWSity","LNDFOR001","CO2",2054,-23.7
"CLEWSity","LNDFOR001","CO2",2055,-23.7
"CLEWSity","LNDFOR001","CO2EQ",2020,-41.475
"CLEWSity","LNDFOR001","CO2EQ",2021,-40.7877
"CLEWSity","LNDFOR001","CO2EQ",2022,-40.0925
"CLEWSity","LNDFOR001","CO2EQ",2023,-39.4052
"CLEWSity","LNDFOR001","CO2EQ",2024,-38.71
"CLEWSity","LNDFOR001","CO2EQ",2025,-38.0227
"CLEWSity","LNDFOR001","CO2EQ",2026,-37.3275
"CLEWSity","LNDFOR001","CO2EQ",2027,-36.6402
"CLEWSity","LNDFOR001","CO2EQ",2028,-35.945
"CLEWSity","LNDFOR001","CO2EQ",2029,-35.2577
"CLEWSity","LNDFOR001","CO2EQ",2030,-34.5625
"CLEWSity","LNDFOR001","CO2EQ",2031,-33.8752
"CLEWSity","LNDFOR001","CO2EQ",2032,-33.18
"CLEWSity","LNDFOR001","CO2EQ",2033,-32.4927
"CLEWSity","LNDFOR001","CO2EQ",2034,-31.7975
"CLEWSity","LNDFOR001","CO2EQ",2035,-31.1102
"CLEWSity","LNDFOR001","CO2EQ",2036,-30.415
"CLEWSity","LNDFOR001","CO2EQ",2037,-29.7277
"CLEWSity","LNDFOR001","CO2EQ",2038,-29.0325
"CLEWSity","LNDFOR001","CO2EQ",2039,-28.3452
"CLEWSity","LNDFOR001","CO2EQ",2040,-27.65
"CLEWSity","LNDFOR001","CO2EQ",2041,-26.9627
"CLEWSity","LNDFOR001","CO2EQ",2042,-26.2675
"CLEWSity","LNDFOR001","CO2EQ",2043,-25.5802
"CLEWSity","LNDFOR001","CO2EQ",2044,-24.885
"CLEWSity","LNDFOR001","CO2EQ",2045,-24.1977
"CLEWSity","LNDFOR001","CO2EQ",2046,-23.7
"CLEWSity","LNDFOR001","CO2EQ",2047,-23.7
"CLEWSity","LNDFOR001","CO2EQ",2048,-23.7
"CLEWSity","LNDFOR001","CO2EQ",2049,-23.7
"CLEWSity","LNDFOR001","CO2EQ",2050,-23.7
"CLEWSity","LNDFOR001","CO2EQ",2051,-23.7
"CLEWSity","LNDFOR001","CO2EQ",2052,-23.7
"CLEWSity","LNDFOR001","CO2EQ",2053,-23.7
"CLEWSity","LNDFOR001","CO2EQ",2054,-23.7
"CLEWSity","LNDFOR001","CO2EQ",2055,-23.7
"CLEWSity","MINGAS001","CH4",2020,8.32110779645373e-05
"CLEWSity","MINGAS001","CH4",2021,8.72146500331136e-05
"CLEWSity","MINGAS001","CH4",2022,9.23769141005026e-05
"CLEWSity","MINGAS001","CH4",2023,9.61029805162709e-05
"CLEWSity","MINGAS001","CH4",2024,0.000101379359711455
"CLEWSity","MINGAS001","CH4",2025,0.000105390547889109
"CLEWSity","MINGAS001","CH4",2026,0.000118295182268934
"CLEWSity","MINGAS001","CH4",2027,0.000118152294860264
"CLEWSity","MINGAS001","CH4",2028,0.000123443932218097
"CLEWSity","MINGAS001","CH4",2029,0.000123846275923025
"CLEWSity","MINGAS001","CH4",2030,0.000121571028395049
"CLEWSity","MINGAS001","CH4",2031,0.000125970711163803
"CLEWSity","MINGAS001","CH4",2032,0.000131567215970961
"CLEWSity","MINGAS001","CH4",2033,0.000135925635413521
"CLEWSity","MINGAS001","CH4",2034,0.000141296922217299
"CLEWSity","MINGAS001","CH4",2035,0.00015087920423063
"CLEWSity","MINGAS001","CH4",2036,0.000161277859015244
"CLEWSity","MINGAS001","CH4",2037,0.000171717345076323
"CLEWSity","MINGAS001","CH4",2038,0.00017730804282786
"CLEWSity","MINGAS001","CH4",2039,0.000183767015994237
"CLEWSity","MINGAS001","CH4",2040,0.000174541866304522
"CLEWSity","MINGAS001","CH4",2041,0.000181239085679616
"CLEWSity","MINGAS001","CH4",2042,0.000187853580937956
"CLEWSity","MINGAS001","CH4",2043,0.000197480536462732
"CLEWSity","MINGAS001","CH4",2044,0.0002
"CLEWSity","MINGAS001","CH4",2045,0.0002
"CLEWSity","MINGAS001","CH4",2046,0.0002
"CLEWSity","MINGAS001","CH4",2047,0.0002
"CLEWSity","MINGAS001","CH4",2048,0.0002
"CLEWSity","MINGAS001","CH4",2049,0.0002
"CLEWSity","MINGAS001","CH4",2050,0.0002
"CLEWSity","MINGAS001","CH4",2051,0.0002
"CLEWSity","MINGAS001","CH4",2052,0.0002
"CLEWSity","MINGAS001","CH4",2053,0.0002
"CLEWSity","MINGAS001","CH4",2054,0.0002
"CLEWSity","MINGAS001","CH4",2055,0.0002
"CLEWSity","MINGAS001","CO2",2020,4.66814147381054
"CLEWSity","MINGAS001","CO2",2021,4.89274186685767
"CLEWSity","MINGAS001","CO2",2022,5.1823448810382
"CLEWSity","MINGAS001","CO2",2023,5.39137720696279
"CLEWSity","MINGAS001","CO2",2024,5.68738207981264
"CLEWSity","MINGAS001","CO2",2025,5.912409736579
"CLEWSity","MINGAS001","CO2",2026,6.63635972528722
"CLEWSity","MINGAS001","CO2",2027,6.62834374166082
"CLEWSity","MINGAS001","CO2",2028,6.92520459743525
"CLEWSity","MINGAS001","CO2",2029,6.94777607928172
"CLEWSity","MINGAS001","CO2",2030,6.82013469296225
"CLEWSity","MINGAS001","CO2",2031,7.06695689628935
"CLEWSity","MINGAS001","CO2",2032,7.3809208159709
"CLEWSity","MINGAS001","CO2",2033,7.62542814669851
"CLEWSity","MINGAS001","CO2",2034,7.92675733639049
"CLEWSity","MINGAS001","CO2",2035,8.46432335733835
"CLEWSity","MINGAS001","CO2",2036,9.04768789075517
"CLEWSity","MINGAS001","CO2",2037,9.63334305878174
"CLEWSity","MINGAS001","CO2",2038,9.94698120264292
"CLEWSity","MINGAS001","CO2",2039,10.3093295972767
"CLEWSity","MINGAS001","CO2",2040,9.79179869968371
"CLEWSity","MINGAS001","CO2",2041,10.1675127066265
"CLEWSity","MINGAS001","CO2",2042,10.5385858906194
"CLEWSity","MINGAS001","CO2",2043,11.0786580955592
"CLEWSity","MINGAS001","CO2",2044,11.22
"CLEWSity","MINGAS001","CO2",2045,11.22
"CLEWSity","MINGAS001","CO2",2046,11.22
"CLEWSity","MINGAS001","CO2",2047,11.22
"CLEWSity","MINGAS001","CO2",2048,11.22
"CLEWSity","MINGAS001","CO2",2049,11.22
"CLEWSity","MINGAS001","CO2",2050,11.22
"CLEWSity","MINGAS001","CO2",2051,11.22
"CLEWSity","MINGAS001","CO2",2052,11.22
"CLEWSity","MINGAS001","CO2",2053,11.22
"CLEWSity","MINGAS001","CO2",2054,11.22
"CLEWSity","MINGAS001","CO2",2055,11.22
"CLEWSity","MINGAS001","CO2EQ",2020,4.67271808309859
"CLEWSity","MINGAS001","CO2EQ",2021,4.89753867260949
"CLEWSity","MINGAS001","CO2EQ",2022,5.18742561131373
"CLEWSity","MINGAS001","CO2EQ",2023,5.39666287089119
"CLEWSity","MINGAS001","CO2EQ",2024,5.69295794459677
"CLEWSity","MINGAS001","CO2EQ",2025,5.9182062167129
"CLEWSity","MINGAS001","CO2EQ",2026,6.64286596031201
"CLEWSity","MINGAS001","CO2EQ",2027,6.63484211787814
"CLEWSity","MINGAS001","CO2EQ",2028,6.93199401370725
"CLEWSity","MINGAS001","CO2EQ",2029,6.95458762445749
"CLEWSity","MINGAS001","CO2EQ",2030,6.82682109952397
"CLEWSity","MINGAS001","CO2EQ",2031,7.07388528540336
"CLEWSity","MINGAS001","CO2EQ",2032,7.3881570128493
"CLEWSity","MINGAS001","CO2EQ",2033,7.63290405664626
"CLEWSity","MINGAS001","CO2EQ",2034,7.93452866711244
"CLEWSity","MINGAS001","CO2EQ",2035,8.47262171357103
"CLEWSity","MINGAS001","CO2EQ",2036,9.05655817300101
"CLEWSity","MINGAS001","CO2EQ",2037,9.64278751276094
"CLEWSity","MINGAS001","CO2EQ",2038,9.95673314499845
"CLEWSity","MINGAS001","CO2EQ",2039,10.3194367831564
"CLEWSity","MINGAS001","CO2EQ",2040,9.80139850233046
"CLEWSity","MINGAS001","CO2EQ",2041,10.1774808563389
"CLEWSity","MINGAS001","CO2EQ",2042,10.5489178375709
"CLEWSity","MINGAS001","CO2EQ",2043,11.0895195250647
"CLEWSity","MINGAS001","CO2EQ",2044,11.231
"CLEWSity","MINGAS001","CO2EQ",2045,11.231
"CLEWSity","MINGAS001","CO2EQ",2046,11.231
"CLEWSity","MINGAS001","CO2EQ",2047,11.231
"CLEWSity","MINGAS001","CO2EQ",2048,11.231
"CLEWSity","MINGAS001","CO2EQ",2049,11.231
"CLEWSity","MINGAS001","CO2EQ",2050,11.231
"CLEWSity","MINGAS001","CO2EQ",2051,11.231
"CLEWSity","MINGAS001","CO2EQ",2052,11.231
"CLEWSity","MINGAS001","CO2EQ",2053,11.231
"CLEWSity","MINGAS001","CO2EQ",2054,11.231
"CLEWSity","MINGAS001","CO2EQ",2055,11.231
"CLEWSity","MINGAS001","N2O",2020,8.32110779645373e-06
"CLEWSity","MINGAS001","N2O",2021,8.72146500331136e-06
"CLEWSity","MINGAS001","N2O",2022,9.23769141005026e-06
"CLEWSity","MINGAS001","N2O",2023,9.61029805162708e-06
"CLEWSity","MINGAS001","N2O",2024,1.01379359711455e-05
"CLEWSity","MINGAS001","N2O",2025,1.05390547889109e-05
"CLEWSity","MINGAS001","N2O",2026,1.18295182268934e-05
"CLEWSity","MINGAS001","N2O",2027,1.18152294860264e-05
"CLEWSity","MINGAS001","N2O",2028,1.23443932218097e-05
"CLEWSity","MINGAS001","N2O",2029,1.23846275923025e-05
"CLEWSity","MINGAS001","N2O",2030,1.21571028395049e-05
"CLEWSity","MINGAS001","N2O",2031,1.25970711163803e-05
"CLEWSity","MINGAS001","N2O",2032,1.31567215970961e-05
"CLEWSity","MINGAS001","N2O",2033,1.35925635413521e-05
"CLEWSity","MINGAS001","N2O",2034,1.41296922217299e-05
"CLEWSity","MINGAS001","N2O",2035,1.5087920423063e-05
"CLEWSity","MINGAS001","N2O",2036,1.61277859015244e-05
"CLEWSity","MINGAS001","N2O",2037,1.71717345076323e-05
"CLEWSity","MINGAS001","N2O",2038,1.7730804282786e-05
"CLEWSity","MINGAS001","N2O",2039,1.83767015994237e-05
"CLEWSity","MINGAS001","N2O",2040,1.74541866304522e-05
"CLEWSity","MINGAS001","N2O",2041,1.81239085679616e-05
"CLEWSity","MINGAS001","N2O",2042,1.87853580937956e-05
"CLEWSity","MINGAS001","N2O",2043,1.97480536462732e-05
"CLEWSity","MINGAS001","N2O",2044,2e-05
"CLEWSity","MINGAS001","N2O",2045,2e-05
"CLEWSity","MINGAS001","N2O",2046,2e-05
"CLEWSity","MINGAS001","N2O",2047,2e-05
"CLEWSity","MINGAS001","N2O",2048,2e-05
"CLEWSity","MINGAS001","N2O",2049,2e-05
"CLEWSity","MINGAS001","N2O",2050,2e-05
"CLEWSity","MINGAS001","N2O",2051,2e-05
"CLEWSity","MINGAS001","N2O",2052,2e-05
"CLEWSity","MINGAS001","N2O",2053,2e-05
"CLEWSity","MINGAS001","N2O",2054,2e-05
"CLEWSity","MINGAS001","N2O",2055,2e-05
"CLEWSity","PRCBAG001","CH4",2020,0.000237024
"CLEWSity","PRCBAG001","CH4",2021,0.000251220688627118
"CLEWSity","PRCBAG001","CH4",2022,0.000280888062571442
"CLEWSity","PRCBAG001","CH4",2023,0.000280888062571442
"CLEWSity","PRCBAG001","CH4",2024,0.000331568385571442
"CLEWSity","PRCBAG001","CH4",2025,0.000432929031571442
"CLEWSity","PRCBAG001","CH4",2026,0.000432929031571442
"CLEWSity","PRCBAG001","CH4",2027,0.000534289677571442
"CLEWSity","PRCBAG001","CH4",2028,0.000534289677571442
"CLEWSity","PRCBAG001","CH4",2029,0.000534289677571442
"CLEWSity","PRCBAG001","CH4",2030,0.000534282765571442
"CLEWSity","PRCBAG001","CH4",2031,0.000534282765571442
"CLEWSity","PRCBAG001","CH4",2032,0.000534282765571442
"CLEWSity","PRCBAG001","CH4",2033,0.000534282765571442
"CLEWSity","PRCBAG001","CH4",2034,0.000534282765571442
"CLEWSity","PRCBAG001","CH4",2035,0.000518481789571442
"CLEWSity","PRCBAG001","CH4",2036,0.000488484124944324
"CLEWSity","PRCBAG001","CH4",2037,0.000443013903
"CLEWSity","PRCBAG001","CH4",2038,0.000427212927
"CLEWSity","PRCBAG001","CH4",2039,0.000360731628
"CLEWSity","PRCBAG001","CH4",2040,0.00059324372374655
"CLEWSity","PRCBAG001","CH4",2041,0.00059324372374655
"CLEWSity","PRCBAG001","CH4",2042,0.00059324372374655
"CLEWSity","PRCBAG001","CH4",2043,0.000577440875746551
"CLEWSity","PRCBAG001","CH4",2044,0.000893561926888803
"CLEWSity","PRCBAG001","CH4",2045,0.00113143348830229
"CLEWSity","PRCBAG001","CH4",2046,0.00129264719238773
"CLEWSity","PRCBAG001","CH4",2047,0.00149109
"CLEWSity","PRCBAG001","CH4",2048,0.00152252928
"CLEWSity","PRCBAG001","CH4",2049,0.00155454
"CLEWSity","PRCBAG001","CH4",2050,0.00158625
"CLEWSity","PRCBAG001","CH4",2051,0.00162540288
"CLEWSity","PRCBAG001","CH4",2052,0.00166546944
"CLEWSity","PRCBAG001","CH4",2053,0.00170523
"CLEWSity","PRCBAG001","CH4",2054,0.00174451968
"CLEWSity","PRCBAG001","CH4",2055,0.00178452
"CLEWSity","PRCBAG001","CO2",2020,0.79008
"CLEWSity","PRCBAG001","CO2",2021,0.837402295423728
"CLEWSity","PRCBAG001","CO2",2022,0.936293541904806
"CLEWSity","PRCBAG001","CO2",2023,0.936293541904806
"CLEWSity","PRCBAG001","CO2",2024,1.10522795190481
"CLEWSity","PRCBAG001","CO2",2025,1.44309677190481
"CLEWSity","PRCBAG001","CO2",2026,1.44309677190481
"CLEWSity","PRCBAG001","CO2",2027,1.78096559190481
"CLEWSity","PRCBAG001","CO2",2028,1.78096559190481
"CLEWSity","PRCBAG001","CO2",2029,1.78096559190481
"CLEWSity","PRCBAG001","CO2",2030,1.78094255190481
"CLEWSity","PRCBAG001","CO2",2031,1.78094255190481
"CLEWSity","PRCBAG001","CO2",2032,1.78094255190481
"CLEWSity","PRCBAG001","CO2",2033,1.78094255190481
"CLEWSity","PRCBAG001","CO2",2034,1.78094255190481
"CLEWSity","PRCBAG001","CO2",2035,1.72827263190481
"CLEWSity","PRCBAG001","CO2",2036,1.62828041648108
"CLEWSity","PRCBAG001","CO2",2037,1.47671301
"CLEWSity","PRCBAG001","CO2",2038,1.42404309
"CLEWSity","PRCBAG001","CO2",2039,1.20243876
"CLEWSity","PRCBAG001","CO2",2040,1.97747907915517
"CLEWSity","PRCBAG001","CO2",2041,1.97747907915517
"CLEWSity","PRCBAG001","CO2",2042,1.97747907915517
"CLEWSity","PRCBAG001","CO2",2043,1.92480291915517
"CLEWSity","PRCBAG001","CO2",2044,2.97853975629601
"CLEWSity","PRCBAG001","CO2",2045,3.77144496100763
"CLEWSity","PRCBAG001","CO2",2046,4.30882397462577
"CLEWSity","PRCBAG001","CO2",2047,4.9703
"CLEWSity","PRCBAG001","CO2",2048,5.0750976
"CLEWSity","PRCBAG001","CO2",2049,5.1818
"CLEWSity","PRCBAG001","CO2",2050,5.2875
"CLEWSity","PRCBAG001","CO2",2051,5.4180096
"CLEWSity","PRCBAG001","CO2",2052,5.5515648
"CLEWSity","PRCBAG001","CO2",2053,5.6841
"CLEWSity","PRCBAG001","CO2",2054,5.8150656
"CLEWSity","PRCBAG001","CO2",2055,5.9484
"CLEWSity","PRCBAG001","CO2EQ",2020,0.80509152
"CLEWSity","PRCBAG001","CO2EQ",2021,0.853312939036779
"CLEWSity","PRCBAG001","CO2EQ",2022,0.954083119200997
"CLEWSity","PRCBAG001","CO2EQ",2023,0.954083119200997
"CLEWSity","PRCBAG001","CO2EQ",2024,1.126227282991
"CLEWSity","PRCBAG001","CO2EQ",2025,1.470515610571
"CLEWSity","PRCBAG001","CO2EQ",2026,1.470515610571
"CLEWSity","PRCBAG001","CO2EQ",2027,1.814803938151
"CLEWSity","PRCBAG001","CO2EQ",2028,1.814803938151
"CLEWSity","PRCBAG001","CO2EQ",2029,1.814803938151
"CLEWSity","PRCBAG001","CO2EQ",2030,1.814780460391
"CLEWSity","PRCBAG001","CO2EQ",2031,1.814780460391
"CLEWSity","PRCBAG001","CO2EQ",2032,1.814780460391
"CLEWSity","PRCBAG001","CO2EQ",2033,1.814780460391
"CLEWSity","PRCBAG001","CO2EQ",2034,1.814780460391
"CLEWSity","PRCBAG001","CO2EQ",2035,1.761109811911
"CLEWSity","PRCBAG001","CO2EQ",2036,1.65921774439422
"CLEWSity","PRCBAG001","CO2EQ",2037,1.50477055719
"CLEWSity","PRCBAG001","CO2EQ",2038,1.45109990871
"CLEWSity","PRCBAG001","CO2EQ",2039,1.22528509644
"CLEWSity","PRCBAG001","CO2EQ",2040,2.01505118165912
"CLEWSity","PRCBAG001","CO2EQ",2041,2.01505118165912
"CLEWSity","PRCBAG001","CO2EQ",2042,2.01505118165912
"CLEWSity","PRCBAG001","CO2EQ",2043,1.96137417461912
"CLEWSity","PRCBAG001","CO2EQ",2044,3.03513201166563
"CLEWSity","PRCBAG001","CO2EQ",2045,3.84310241526678
"CLEWSity","PRCBAG001","CO2EQ",2046,4.39069163014366
"CLEWSity","PRCBAG001","CO2EQ",2047,5.0647357
"CLEWSity","PRCBAG001","CO2EQ",2048,5.1715244544
"CLEWSity","PRCBAG001","CO2EQ",2049,5.2802542
"CLEWSity","PRCBAG001","CO2EQ",2050,5.3879625
"CLEWSity","PRCBAG001","CO2EQ",2051,5.5209517824
"CLEWSity","PRCBAG001","CO2EQ",2052,5.6570445312
"CLEWSity","PRCBAG001","CO2EQ",2053,5.7920979
"CLEWSity","PRCBAG001","CO2EQ",2054,5.9255518464
"CLEWSity","PRCBAG001","CO2EQ",2055,6.0614196
"CLEWSity","PRCBAG001","N2O",2020,3.16032e-05
"CLEWSity","PRCBAG001","N2O",2021,3.34960918169491e-05
"CLEWSity","PRCBAG001","N2O",2022,3.74517416761922e-05
"CLEWSity","PRCBAG001","N2O",2023,3.74517416761922e-05
"CLEWSity","PRCBAG001","N2O",2024,4.42091180761922e-05
"CLEWSity","PRCBAG001","N2O",2025,5.77238708761922e-05
"CLEWSity","PRCBAG001","N2O",2026,5.77238708761922e-05
"CLEWSity","PRCBAG001","N2O",2027,7.12386236761922e-05
"CLEWSity","PRCBAG001","N2O",2028,7.12386236761922e-05
"CLEWSity","PRCBAG001","N2O",2029,7.12386236761922e-05
"CLEWSity","PRCBAG001","N2O",2030,7.12377020761922e-05
"CLEWSity","PRCBAG001","N2O",2031,7.12377020761922e-05
"CLEWSity","PRCBAG001","N2O",2032,7.12377020761922e-05
"CLEWSity","PRCBAG001","N2O",2033,7.12377020761922e-05
"CLEWSity","PRCBAG001","N2O",2034,7.12377020761922e-05
"CLEWSity","PRCBAG001","N2O",2035,6.91309052761922e-05
"CLEWSity","PRCBAG001","N2O",2036,6.51312166592432e-05
"CLEWSity","PRCBAG001","N2O",2037,5.90685204e-05
"CLEWSity","PRCBAG001","N2O",2038,5.69617236e-05
"CLEWSity","PRCBAG001","N2O",2039,4.80975504e-05
"CLEWSity","PRCBAG001","N2O",2040,7.90991631662067e-05
"CLEWSity","PRCBAG001","N2O",2041,7.90991631662067e-05
"CLEWSity","PRCBAG001","N2O",2042,7.90991631662067e-05
"CLEWSity","PRCBAG001","N2O",2043,7.69921167662067e-05
"CLEWSity","PRCBAG001","N2O",2044,0.00011914159025184
"CLEWSity","PRCBAG001","N2O",2045,0.000150857798440305
"CLEWSity","PRCBAG001","N2O",2046,0.000172352958985031
"CLEWSity","PRCBAG001","N2O",2047,0.000198812
"CLEWSity","PRCBAG001","N2O",2048,0.000203003904
"CLEWSity","PRCBAG001","N2O",2049,0.000207272
"CLEWSity","PRCBAG001","N2O",2050,0.0002115
"CLEWSity","PRCBAG001","N2O",2051,0.000216720384
"CLEWSity","PRCBAG001","N2O",2052,0.000222062592
"CLEWSity","PRCBAG001","N2O",2053,0.000227364
"CLEWSity","PRCBAG001","N2O",2054,0.000232602624
"CLEWSity","PRCBAG001","N2O",2055,0.000237936
