REGION,TECHNOLOGY,COMMODITY,YEAR,VALUE
CLEWSity,AGRCRP001,LNDCRP,2020,206.0611697
CLEWSity,AGRCRP001,LNDCRP,2021,182.5990073
CLEWSity,AGRCRP001,LNDCRP,2022,183.3733043
CLEWSity,AGRCRP001,LNDCRP,2023,184.2357766
CLEWSity,AGRCRP001,LNDCRP,2024,184.9929485
CLEWSity,AGRCRP001,LNDCRP,2025,185.9141843
CLEWSity,AGRCRP001,LNDCRP,2026,186.688077
CLEWSity,AGRCRP001,LNDCRP,2027,187.5531243
CLEWSity,AGRCRP001,LNDCRP,2028,188.3092651
CLEWSity,AGRCRP001,LNDCRP,2029,189.229077
CLEWSity,AGRCRP001,LNDCRP,2030,190.0028496
CLEWSity,AGRCRP001,LNDCRP,2031,191.735302
CLEWSity,AGRCRP001,LNDCRP,2032,193.3495515
CLEWSity,AGRCRP001,LNDCRP,2033,195.127539
CLEWSity,AGRCRP001,LNDCRP,2034,195.7966852
CLEWSity,AGRCRP001,LNDCRP,2035,195.0766729
CLEWSity,AGRCRP001,LNDCRP,2036,199.1669412
CLEWSity,AGRCRP001,LNDCRP,2037,202.1572165
CLEWSity,AGRCRP001,LNDCRP,2038,205.2301101
CLEWSity,AGRCRP001,LNDCRP,2039,208.332308
CLEWSity,AGRCRP001,LNDCRP,2040,220.2733412
CLEWSity,AGRCRP001,LNDCRP,2041,224.3963743
CLEWSity,AGRCRP001,LNDCRP,2042,231.2696828
CLEWSity,AGRCRP001,LNDCRP,2043,236.8638918
CLEWSity,AGRCRP001,LNDCRP,2044,242.2738786
CLEWSity,AGRCRP001,LNDCRP,2045,247.8494459
CLEWSity,AGRCRP001,LNDCRP,2046,251.7934635
CLEWSity,AGRCRP001,LNDCRP,2047,255.83376
CLEWSity,AGRCRP001,LNDCRP,2048,259.8935211
CLEWSity,AGRCRP001,LNDCRP,2049,264.9241741
CLEWSity,AGRCRP001,LNDCRP,2050,270.0461506
CLEWSity,AGRCRP001,LNDCRP,2051,276.3185832
CLEWSity,AGRCRP001,LNDCRP,2052,285.9992701
CLEWSity,AGRCRP001,LNDCRP,2053,316.5240548
CLEWSity,AGRCRP001,LNDCRP,2054,337.2833028
CLEWSity,AGRCRP001,LNDCRP,2055,354.9389954
CLEWSity,AGRPST001,CTL,2020,4762.8
CLEWSity,AGRPST001,CTL,2021,4858.056
CLEWSity,AGRPST001,CTL,2022,4953.312
CLEWSity,AGRPST001,CTL,2023,5048.568
CLEWSity,AGRPST001,CTL,2024,5143.824
CLEWSity,AGRPST001,CTL,2025,5270.832
CLEWSity,AGRPST001,CTL,2026,5366.088
CLEWSity,AGRPST001,CTL,2027,5461.344
CLEWSity,AGRPST001,CTL,2028,5588.352
CLEWSity,AGRPST001,CTL,2029,5683.608
CLEWSity,AGRPST001,CTL,2030,5810.616
CLEWSity,AGRPST001,CTL,2031,5937.624
CLEWSity,AGRPST001,CTL,2032,6032.88
CLEWSity,AGRPST001,CTL,2033,6159.888
CLEWSity,AGRPST001,CTL,2034,6286.896
CLEWSity,AGRPST001,CTL,2035,6347.972357
CLEWSity,AGRPST001,CTL,2036,6210.100604
CLEWSity,AGRPST001,CTL,2037,6075.150433
CLEWSity,AGRPST001,CTL,2038,5939.980827
CLEWSity,AGRPST001,CTL,2039,5772.98139
CLEWSity,AGRPST001,CTL,2040,5614.258006
CLEWSity,AGRPST001,CTL,2041,5476.29923
CLEWSity,AGRPST001,CTL,2042,5299.283722
CLEWSity,AGRPST001,CTL,2043,5125.665503
CLEWSity,AGRPST001,CTL,2044,4984.288578
CLEWSity,AGRPST001,CTL,2045,4810.719872
CLEWSity,AGRPST001,CTL,2046,4641.484561
CLEWSity,AGRPST001,CTL,2047,4471.993533
CLEWSity,AGRPST001,CTL,2048,4302.450808
CLEWSity,AGRPST001,CTL,2049,4130.329394
CLEWSity,AGRPST001,CTL,2050,3926.213424
CLEWSity,AGRPST001,CTL,2051,3750.793843
CLEWSity,AGRPST001,CTL,2052,3534.569939
CLEWSity,AGRPST001,CTL,2053,3294.73611
CLEWSity,AGRPST001,CTL,2054,3049.087548
CLEWSity,AGRPST001,CTL,2055,2811.682028
CLEWSity,AGRPST001,LND001,2020,3586.445783
CLEWSity,AGRPST001,LND001,2021,3658.174699
CLEWSity,AGRPST001,LND001,2022,3729.903614
CLEWSity,AGRPST001,LND001,2023,3801.63253
CLEWSity,AGRPST001,LND001,2024,3873.361446
CLEWSity,AGRPST001,LND001,2025,3969
CLEWSity,AGRPST001,LND001,2026,4040.728916
CLEWSity,AGRPST001,LND001,2027,4112.457831
CLEWSity,AGRPST001,LND001,2028,4208.096386
CLEWSity,AGRPST001,LND001,2029,4279.825301
CLEWSity,AGRPST001,LND001,2030,4375.463855
CLEWSity,AGRPST001,LND001,2031,4471.10241
CLEWSity,AGRPST001,LND001,2032,4542.831325
CLEWSity,AGRPST001,LND001,2033,4638.46988
CLEWSity,AGRPST001,LND001,2034,4734.108434
CLEWSity,AGRPST001,LND001,2035,4780.099666
CLEWSity,AGRPST001,LND001,2036,4676.280575
CLEWSity,AGRPST001,LND001,2037,4574.661471
CLEWSity,AGRPST001,LND001,2038,4472.877129
CLEWSity,AGRPST001,LND001,2039,4347.124541
CLEWSity,AGRPST001,LND001,2040,4227.60392
CLEWSity,AGRPST001,LND001,2041,4123.7193
CLEWSity,AGRPST001,LND001,2042,3990.42449
CLEWSity,AGRPST001,LND001,2043,3859.687879
CLEWSity,AGRPST001,LND001,2044,3753.229351
CLEWSity,AGRPST001,LND001,2045,3622.530024
CLEWSity,AGRPST001,LND001,2046,3495.093796
CLEWSity,AGRPST001,LND001,2047,3367.46501
CLEWSity,AGRPST001,LND001,2048,3239.797295
CLEWSity,AGRPST001,LND001,2049,3110.187796
CLEWSity,AGRPST001,LND001,2050,2956.486012
CLEWSity,AGRPST001,LND001,2051,2824.392954
CLEWSity,AGRPST001,LND001,2052,2661.573749
CLEWSity,AGRPST001,LND001,2053,2480.975987
CLEWSity,AGRPST001,LND001,2054,2295.999659
CLEWSity,AGRPST001,LND001,2055,2117.230443
CLEWSity,AGRPST001,WATEVT,2020,37.51422289
CLEWSity,AGRPST001,WATEVT,2021,38.26450735
CLEWSity,AGRPST001,WATEVT,2022,39.01479181
CLEWSity,AGRPST001,WATEVT,2023,39.76507627
CLEWSity,AGRPST001,WATEVT,2024,40.51536072
CLEWSity,AGRPST001,WATEVT,2025,37.3086
CLEWSity,AGRPST001,WATEVT,2026,37.98285181
CLEWSity,AGRPST001,WATEVT,2027,38.65710361
CLEWSity,AGRPST001,WATEVT,2028,39.55610602
CLEWSity,AGRPST001,WATEVT,2029,40.23035783
CLEWSity,AGRPST001,WATEVT,2030,41.12936024
CLEWSity,AGRPST001,WATEVT,2031,42.02836265
CLEWSity,AGRPST001,WATEVT,2032,42.70261446
CLEWSity,AGRPST001,WATEVT,2033,43.60161687
CLEWSity,AGRPST001,WATEVT,2034,44.50061928
CLEWSity,AGRPST001,WATEVT,2035,44.93293686
CLEWSity,AGRPST001,WATEVT,2036,43.95703741
CLEWSity,AGRPST001,WATEVT,2037,43.00181782
CLEWSity,AGRPST001,WATEVT,2038,42.04504501
CLEWSity,AGRPST001,WATEVT,2039,40.86297068
CLEWSity,AGRPST001,WATEVT,2040,35.97690936
CLEWSity,AGRPST001,WATEVT,2041,35.09285124
CLEWSity,AGRPST001,WATEVT,2042,33.95851241
CLEWSity,AGRPST001,WATEVT,2043,32.84594385
CLEWSity,AGRPST001,WATEVT,2044,31.93998178
CLEWSity,AGRPST001,WATEVT,2045,30.8277305
CLEWSity,AGRPST001,WATEVT,2046,29.7432482
CLEWSity,AGRPST001,WATEVT,2047,28.65712724
CLEWSity,AGRPST001,WATEVT,2048,27.57067498
CLEWSity,AGRPST001,WATEVT,2049,26.46769815
CLEWSity,AGRPST001,WATEVT,2050,25.15969596
CLEWSity,AGRPST001,WATEVT,2051,24.03558404
CLEWSity,AGRPST001,WATEVT,2052,22.6499926
CLEWSity,AGRPST001,WATEVT,2053,21.11310565
CLEWSity,AGRPST001,WATEVT,2054,19.5389571
CLEWSity,AGRPST001,WATEVT,2055,18.01763107
CLEWSity,AGRPST001,WATGRD,2020,2.223596386
CLEWSity,AGRPST001,WATGRD,2021,2.268068313
CLEWSity,AGRPST001,WATGRD,2022,2.312540241
CLEWSity,AGRPST001,WATGRD,2023,2.357012169
CLEWSity,AGRPST001,WATGRD,2024,2.401484096
CLEWSity,AGRPST001,WATGRD,2025,2.22264
CLEWSity,AGRPST001,WATGRD,2026,2.262808193
CLEWSity,AGRPST001,WATGRD,2027,2.302976386
CLEWSity,AGRPST001,WATGRD,2028,2.356533976
CLEWSity,AGRPST001,WATGRD,2029,2.396702169
CLEWSity,AGRPST001,WATGRD,2030,2.450259759
CLEWSity,AGRPST001,WATGRD,2031,2.503817349
CLEWSity,AGRPST001,WATGRD,2032,2.543985542
CLEWSity,AGRPST001,WATGRD,2033,2.597543133
CLEWSity,AGRPST001,WATGRD,2034,2.651100723
CLEWSity,AGRPST001,WATGRD,2035,2.676855813
CLEWSity,AGRPST001,WATGRD,2036,2.618717122
CLEWSity,AGRPST001,WATGRD,2037,2.561810424
CLEWSity,AGRPST001,WATGRD,2038,2.504811192
CLEWSity,AGRPST001,WATGRD,2039,2.434389743
CLEWSity,AGRPST001,WATGRD,2040,2.11380196
CLEWSity,AGRPST001,WATGRD,2041,2.06185965
CLEWSity,AGRPST001,WATGRD,2042,1.995212245
CLEWSity,AGRPST001,WATGRD,2043,1.92984394
CLEWSity,AGRPST001,WATGRD,2044,1.876614676
CLEWSity,AGRPST001,WATGRD,2045,1.811265012
CLEWSity,AGRPST001,WATGRD,2046,1.747546898
CLEWSity,AGRPST001,WATGRD,2047,1.683732505
CLEWSity,AGRPST001,WATGRD,2048,1.619898648
CLEWSity,AGRPST001,WATGRD,2049,1.555093898
CLEWSity,AGRPST001,WATGRD,2050,1.478243006
CLEWSity,AGRPST001,WATGRD,2051,1.412196477
CLEWSity,AGRPST001,WATGRD,2052,1.330786875
CLEWSity,AGRPST001,WATGRD,2053,1.240487993
CLEWSity,AGRPST001,WATGRD,2054,1.14799983
CLEWSity,AGRPST001,WATGRD,2055,1.058615221
CLEWSity,AGRPST001,WATSUR,2020,41.85382229
CLEWSity,AGRPST001,WATSUR,2021,42.69089873
CLEWSity,AGRPST001,WATSUR,2022,43.52797518
CLEWSity,AGRPST001,WATSUR,2023,44.36505163
CLEWSity,AGRPST001,WATSUR,2024,45.20212807
CLEWSity,AGRPST001,WATSUR,2025,41.63481
CLEWSity,AGRPST001,WATSUR,2026,42.38724633
CLEWSity,AGRPST001,WATSUR,2027,43.13968265
CLEWSity,AGRPST001,WATSUR,2028,44.14293108
CLEWSity,AGRPST001,WATSUR,2029,44.89536741
CLEWSity,AGRPST001,WATSUR,2030,45.89861584
CLEWSity,AGRPST001,WATSUR,2031,46.90186428
CLEWSity,AGRPST001,WATSUR,2032,47.6543006
CLEWSity,AGRPST001,WATSUR,2033,48.65754904
CLEWSity,AGRPST001,WATSUR,2034,49.66079747
CLEWSity,AGRPST001,WATSUR,2035,50.1432455
CLEWSity,AGRPST001,WATSUR,2036,49.05418324
CLEWSity,AGRPST001,WATSUR,2037,47.98819883
CLEWSity,AGRPST001,WATSUR,2038,46.92048108
CLEWSity,AGRPST001,WATSUR,2039,45.60133643
CLEWSity,AGRPST001,WATSUR,2040,40.1199612
CLEWSity,AGRPST001,WATSUR,2041,39.13409615
CLEWSity,AGRPST001,WATSUR,2042,37.86912841
CLEWSity,AGRPST001,WATSUR,2043,36.62843797
CLEWSity,AGRPST001,WATSUR,2044,35.61814654
CLEWSity,AGRPST001,WATSUR,2045,34.37780993
CLEWSity,AGRPST001,WATSUR,2046,33.16844012
CLEWSity,AGRPST001,WATSUR,2047,31.95724295
CLEWSity,AGRPST001,WATSUR,2048,30.74567633
CLEWSity,AGRPST001,WATSUR,2049,29.51568219
CLEWSity,AGRPST001,WATSUR,2050,28.05705225
CLEWSity,AGRPST001,WATSUR,2051,26.80348913
CLEWSity,AGRPST001,WATSUR,2052,25.25833488
CLEWSity,AGRPST001,WATSUR,2053,23.54446211
CLEWSity,AGRPST001,WATSUR,2054,21.78903677
CLEWSity,AGRPST001,WATSUR,2055,20.0925169
CLEWSity,AGRPST002,CTL,2035,65.93164333
CLEWSity,AGRPST002,CTL,2036,330.8113958
CLEWSity,AGRPST002,CTL,2037,592.7695669
CLEWSity,AGRPST002,CTL,2038,854.9471726
CLEWSity,AGRPST002,CTL,2039,1180.70661
CLEWSity,AGRPST002,CTL,2040,1466.437994
CLEWSity,AGRPST002,CTL,2041,1731.40477
CLEWSity,AGRPST002,CTL,2042,2067.180278
CLEWSity,AGRPST002,CTL,2043,2399.558497
CLEWSity,AGRPST002,CTL,2044,2667.943422
CLEWSity,AGRPST002,CTL,2045,3000.272128
CLEWSity,AGRPST002,CTL,2046,3328.267439
CLEWSity,AGRPST002,CTL,2047,3656.518467
CLEWSity,AGRPST002,CTL,2048,3984.821192
CLEWSity,AGRPST002,CTL,2049,4315.702606
CLEWSity,AGRPST002,CTL,2050,4710.330576
CLEWSity,AGRPST002,CTL,2051,5044.510157
CLEWSity,AGRPST002,CTL,2052,5451.246061
CLEWSity,AGRPST002,CTL,2053,5849.83989
CLEWSity,AGRPST002,CTL,2054,6286.000452
CLEWSity,AGRPST002,CTL,2055,6713.917972
CLEWSity,AGRPST002,LND001,2035,24.82366089
CLEWSity,AGRPST002,LND001,2036,124.5524834
CLEWSity,AGRPST002,LND001,2037,223.1813129
CLEWSity,AGRPST002,LND001,2038,321.8927607
CLEWSity,AGRPST002,LND001,2039,444.5431514
CLEWSity,AGRPST002,LND001,2040,552.1227388
CLEWSity,AGRPST002,LND001,2041,651.8843261
CLEWSity,AGRPST002,LND001,2042,778.3058274
CLEWSity,AGRPST002,LND001,2043,903.4482291
CLEWSity,AGRPST002,LND001,2044,1004.49677
CLEWSity,AGRPST002,LND001,2045,1129.62053
CLEWSity,AGRPST002,LND001,2046,1253.112741
CLEWSity,AGRPST002,LND001,2047,1376.70123
CLEWSity,AGRPST002,LND001,2048,1500.309184
CLEWSity,AGRPST002,LND001,2049,1624.88803
CLEWSity,AGRPST002,LND001,2050,1773.467837
CLEWSity,AGRPST002,LND001,2051,1899.288463
CLEWSity,AGRPST002,LND001,2052,2052.426981
CLEWSity,AGRPST002,LND001,2053,2202.499958
CLEWSity,AGRPST002,LND001,2054,2366.717038
CLEWSity,AGRPST002,LND001,2055,2527.830562
CLEWSity,AGRPST002,WATEVT,2035,0.233342412
CLEWSity,AGRPST002,WATEVT,2036,1.170793344
CLEWSity,AGRPST002,WATEVT,2037,2.097904341
CLEWSity,AGRPST002,WATEVT,2038,3.025791951
CLEWSity,AGRPST002,WATEVT,2039,4.178705623
CLEWSity,AGRPST002,WATEVT,2040,4.698564507
CLEWSity,AGRPST002,WATEVT,2041,5.547535615
CLEWSity,AGRPST002,WATEVT,2042,6.623382591
CLEWSity,AGRPST002,WATEVT,2043,7.68834443
CLEWSity,AGRPST002,WATEVT,2044,8.548267514
CLEWSity,AGRPST002,WATEVT,2045,9.613070712
CLEWSity,AGRPST002,WATEVT,2046,10.66398942
CLEWSity,AGRPST002,WATEVT,2047,11.71572747
CLEWSity,AGRPST002,WATEVT,2048,12.76763115
CLEWSity,AGRPST002,WATEVT,2049,13.82779713
CLEWSity,AGRPST002,WATEVT,2050,15.0922113
CLEWSity,AGRPST002,WATEVT,2051,16.16294482
CLEWSity,AGRPST002,WATEVT,2052,17.46615361
CLEWSity,AGRPST002,WATEVT,2053,18.74327465
CLEWSity,AGRPST002,WATEVT,2054,20.14076199
CLEWSity,AGRPST002,WATEVT,2055,21.51183808
CLEWSity,AGRPST002,WATGRD,2035,0.01390125
CLEWSity,AGRPST002,WATGRD,2036,0.069749391
CLEWSity,AGRPST002,WATGRD,2037,0.124981535
CLEWSity,AGRPST002,WATGRD,2038,0.180259946
CLEWSity,AGRPST002,WATGRD,2039,0.248944165
CLEWSity,AGRPST002,WATGRD,2040,0.276061369
CLEWSity,AGRPST002,WATGRD,2041,0.325942163
CLEWSity,AGRPST002,WATGRD,2042,0.389152914
CLEWSity,AGRPST002,WATGRD,2043,0.451724115
CLEWSity,AGRPST002,WATGRD,2044,0.502248385
CLEWSity,AGRPST002,WATGRD,2045,0.564810265
CLEWSity,AGRPST002,WATGRD,2046,0.62655637
CLEWSity,AGRPST002,WATGRD,2047,0.688350615
CLEWSity,AGRPST002,WATGRD,2048,0.750154592
CLEWSity,AGRPST002,WATGRD,2049,0.812444015
CLEWSity,AGRPST002,WATGRD,2050,0.886733919
CLEWSity,AGRPST002,WATGRD,2051,0.949644231
CLEWSity,AGRPST002,WATGRD,2052,1.02621349
CLEWSity,AGRPST002,WATGRD,2053,1.101249979
CLEWSity,AGRPST002,WATGRD,2054,1.183358519
CLEWSity,AGRPST002,WATGRD,2055,1.263915281
CLEWSity,AGRPST002,WATSUR,2035,0.260400203
CLEWSity,AGRPST002,WATSUR,2036,1.306555551
CLEWSity,AGRPST002,WATSUR,2037,2.341171972
CLEWSity,AGRPST002,WATSUR,2038,3.37665506
CLEWSity,AGRPST002,WATSUR,2039,4.663257658
CLEWSity,AGRPST002,WATSUR,2040,5.239644791
CLEWSity,AGRPST002,WATSUR,2041,6.186382255
CLEWSity,AGRPST002,WATSUR,2042,7.386122302
CLEWSity,AGRPST002,WATSUR,2043,8.573723694
CLEWSity,AGRPST002,WATSUR,2044,9.532674349
CLEWSity,AGRPST002,WATSUR,2045,10.72009883
CLEWSity,AGRPST002,WATSUR,2046,11.89203991
CLEWSity,AGRPST002,WATSUR,2047,13.06489467
CLEWSity,AGRPST002,WATSUR,2048,14.23793415
CLEWSity,AGRPST002,WATSUR,2049,15.4201874
CLEWSity,AGRPST002,WATSUR,2050,16.83020978
CLEWSity,AGRPST002,WATSUR,2051,18.02424751
CLEWSity,AGRPST002,WATSUR,2052,19.47753205
CLEWSity,AGRPST002,WATSUR,2053,20.90172461
CLEWSity,AGRPST002,WATSUR,2054,22.46014469
CLEWSity,AGRPST002,WATSUR,2055,23.98911203
CLEWSity,FORWOO001,WOO,2020,9.041
CLEWSity,FORWOO001,WOO,2021,9.103
CLEWSity,FORWOO001,WOO,2022,9.167
CLEWSity,FORWOO001,WOO,2023,9.233
CLEWSity,FORWOO001,WOO,2024,9.302
CLEWSity,FORWOO001,WOO,2025,9.374
CLEWSity,FORWOO001,WOO,2026,9.448
CLEWSity,FORWOO001,WOO,2027,9.525
CLEWSity,FORWOO001,WOO,2028,9.605
CLEWSity,FORWOO001,WOO,2029,9.688
CLEWSity,FORWOO001,WOO,2030,9.773
CLEWSity,FORWOO001,WOO,2031,9.862
CLEWSity,FORWOO001,WOO,2032,9.953
CLEWSity,FORWOO001,WOO,2033,10.048
CLEWSity,FORWOO001,WOO,2034,10.145
CLEWSity,FORWOO001,WOO,2035,10.246
CLEWSity,FORWOO001,WOO,2036,10.35
CLEWSity,FORWOO001,WOO,2037,10.458
CLEWSity,FORWOO001,WOO,2038,10.568
CLEWSity,FORWOO001,WOO,2039,10.683
CLEWSity,FORWOO001,WOO,2040,10.8
CLEWSity,FORWOO001,WOO,2041,10.922
CLEWSity,FORWOO001,WOO,2042,11.047
CLEWSity,FORWOO001,WOO,2043,11.175
CLEWSity,FORWOO001,WOO,2044,11.308
CLEWSity,FORWOO001,WOO,2045,11.444
CLEWSity,FORWOO001,WOO,2046,11.584
CLEWSity,FORWOO001,WOO,2047,11.729
CLEWSity,FORWOO001,WOO,2048,11.877
CLEWSity,FORWOO001,WOO,2049,12.03
CLEWSity,FORWOO001,WOO,2050,12.187
CLEWSity,FORWOO001,WOO,2051,12.288
CLEWSity,FORWOO001,WOO,2052,12.389
CLEWSity,FORWOO001,WOO,2053,12.489
CLEWSity,FORWOO001,WOO,2054,12.588
CLEWSity,FORWOO001,WOO,2055,12.685
CLEWSity,IMPDSL001,DSL,2020,6.242903588
CLEWSity,IMPDSL001,DSL,2021,8.883579473
CLEWSity,IMPDSL001,DSL,2022,13.10182675
CLEWSity,IMPDSL001,DSL,2023,16.947749
CLEWSity,IMPDSL001,DSL,2024,19.74841746
CLEWSity,IMPDSL001,DSL,2025,24.6267303
CLEWSity,IMPDSL001,DSL,2026,19.60944126
CLEWSity,IMPDSL001,DSL,2027,18.18231901
CLEWSity,IMPDSL001,DSL,2028,22.19493283
CLEWSity,IMPDSL001,DSL,2029,23.95767563
CLEWSity,IMPDSL001,DSL,2030,29.1019377
CLEWSity,IMPDSL001,DSL,2031,25.04251698
CLEWSity,IMPDSL001,DSL,2032,22.29036452
CLEWSity,IMPDSL001,DSL,2033,19.48553137
CLEWSity,IMPDSL001,DSL,2034,18.60625501
CLEWSity,IMPDSL001,DSL,2035,15.79224208
CLEWSity,IMPDSL001,DSL,2036,13.84064529
CLEWSity,IMPDSL001,DSL,2037,11.88553473
CLEWSity,IMPDSL001,DSL,2038,9.996753107
CLEWSity,IMPDSL001,DSL,2039,9.387864719
CLEWSity,IMPDSL001,DSL,2040,28.70825069
CLEWSity,IMPDSL001,DSL,2041,27.9999468
CLEWSity,IMPDSL001,DSL,2042,27.13390295
CLEWSity,IMPDSL001,DSL,2043,27.6521392
CLEWSity,IMPDSL001,DSL,2044,30.5720844
CLEWSity,IMPDSL001,DSL,2045,34.76667109
CLEWSity,IMPDSL001,DSL,2046,61.53969442
CLEWSity,IMPDSL001,DSL,2047,65.85601089
CLEWSity,IMPDSL001,DSL,2048,71.59150162
CLEWSity,IMPDSL001,DSL,2049,77.74194079
CLEWSity,IMPDSL001,DSL,2050,95.84214594
CLEWSity,IMPDSL001,DSL,2051,122.364537
CLEWSity,IMPDSL001,DSL,2052,151.5368985
CLEWSity,IMPDSL001,DSL,2053,178.9968
CLEWSity,IMPDSL001,DSL,2054,207.2726618
CLEWSity,IMPDSL001,DSL,2055,238.755419
CLEWSity,IMPGSL001,GSL,2020,1.72751589
CLEWSity,IMPGSL001,GSL,2021,1.623385445
CLEWSity,IMPGSL001,GSL,2022,1.646739939
CLEWSity,IMPGSL001,GSL,2023,1.671022773
CLEWSity,IMPGSL001,GSL,2024,1.694199952
CLEWSity,IMPGSL001,GSL,2025,1.719097929
CLEWSity,IMPGSL001,GSL,2026,1.742450677
CLEWSity,IMPGSL001,GSL,2027,1.766760548
CLEWSity,IMPGSL001,GSL,2028,1.789924402
CLEWSity,IMPGSL001,GSL,2029,1.814809302
CLEWSity,IMPGSL001,GSL,2030,1.838161414
CLEWSity,IMPGSL001,GSL,2031,1.871216539
CLEWSity,IMPGSL001,GSL,2032,1.903033034
CLEWSity,IMPGSL001,GSL,2033,1.936568778
CLEWSity,IMPGSL001,GSL,2034,1.964093562
CLEWSity,IMPGSL001,GSL,2035,1.983938816
CLEWSity,IMPGSL001,GSL,2036,2.026886633
CLEWSity,IMPGSL001,GSL,2037,2.063558898
CLEWSity,IMPGSL001,GSL,2038,2.101098032
CLEWSity,IMPGSL001,GSL,2039,2.138944859
CLEWSity,IMPGSL001,GSL,2040,2.222838832
CLEWSity,IMPGSL001,GSL,2041,2.27140443
CLEWSity,IMPGSL001,GSL,2042,2.333798544
CLEWSity,IMPGSL001,GSL,2043,2.390287114
CLEWSity,IMPGSL001,GSL,2044,2.444840725
CLEWSity,IMPGSL001,GSL,2045,2.501133557
CLEWSity,IMPGSL001,GSL,2046,2.548180117
CLEWSity,IMPGSL001,GSL,2047,2.59623698
CLEWSity,IMPGSL001,GSL,2048,2.644498221
CLEWSity,IMPGSL001,GSL,2049,2.697320078
CLEWSity,IMPGSL001,GSL,2050,2.751100831
CLEWSity,IMPGSL001,GSL,2051,2.816961373
CLEWSity,IMPGSL001,GSL,2052,2.897618466
CLEWSity,IMPGSL001,GSL,2053,3.076873447
CLEWSity,IMPGSL001,GSL,2054,3.209260271
CLEWSity,IMPGSL001,GSL,2055,3.326020696
CLEWSity,LNDAGR001,LNDAGR,2020,3792.506953
CLEWSity,LNDAGR001,LNDAGR,2021,3840.773706
CLEWSity,LNDAGR001,LNDAGR,2022,3913.276919
CLEWSity,LNDAGR001,LNDAGR,2023,3985.868307
CLEWSity,LNDAGR001,LNDAGR,2024,4058.354394
CLEWSity,LNDAGR001,LNDAGR,2025,4154.914184
CLEWSity,LNDAGR001,LNDAGR,2026,4227.416993
CLEWSity,LNDAGR001,LNDAGR,2027,4300.010956
CLEWSity,LNDAGR001,LNDAGR,2028,4396.405651
CLEWSity,LNDAGR001,LNDAGR,2029,4469.054378
CLEWSity,LNDAGR001,LNDAGR,2030,4565.466705
CLEWSity,LNDAGR001,LNDAGR,2031,4662.837712
CLEWSity,LNDAGR001,LNDAGR,2032,4736.180877
CLEWSity,LNDAGR001,LNDAGR,2033,4833.597419
CLEWSity,LNDAGR001,LNDAGR,2034,4929.905119
CLEWSity,LNDAGR001,LNDAGR,2035,5000
CLEWSity,LNDAGR001,LNDAGR,2036,5000
CLEWSity,LNDAGR001,LNDAGR,2037,5000
CLEWSity,LNDAGR001,LNDAGR,2038,5000
CLEWSity,LNDAGR001,LNDAGR,2039,5000
CLEWSity,LNDAGR001,LNDAGR,2040,5000
CLEWSity,LNDAGR001,LNDAGR,2041,5000
CLEWSity,LNDAGR001,LNDAGR,2042,5000
CLEWSity,LNDAGR001,LNDAGR,2043,5000
CLEWSity,LNDAGR001,LNDAGR,2044,5000
CLEWSity,LNDAGR001,LNDAGR,2045,5000
CLEWSity,LNDAGR001,LNDAGR,2046,5000
CLEWSity,LNDAGR001,LNDAGR,2047,5000
CLEWSity,LNDAGR001,LNDAGR,2048,5000
CLEWSity,LNDAGR001,LNDAGR,2049,5000
CLEWSity,LNDAGR001,LNDAGR,2050,5000
CLEWSity,LNDAGR001,LNDAGR,2051,5000
CLEWSity,LNDAGR001,LNDAGR,2052,5000
CLEWSity,LNDAGR001,LNDAGR,2053,5000
CLEWSity,LNDAGR001,LNDAGR,2054,5000
CLEWSity,LNDAGR001,LNDAGR,2055,5000
CLEWSity,LNDBLT001,LND001,2020,750
CLEWSity,LNDBLT001,LND001,2021,758
CLEWSity,LNDBLT001,LND001,2022,765
CLEWSity,LNDBLT001,LND001,2023,773
CLEWSity,LNDBLT001,LND001,2024,780
CLEWSity,LNDBLT001,LND001,2025,788
CLEWSity,LNDBLT001,LND001,2026,796
CLEWSity,LNDBLT001,LND001,2027,804
CLEWSity,LNDBLT001,LND001,2028,812
CLEWSity,LNDBLT001,LND001,2029,820
CLEWSity,LNDBLT001,LND001,2030,828
CLEWSity,LNDBLT001,LND001,2031,837
CLEWSity,LNDBLT001,LND001,2032,845
CLEWSity,LNDBLT001,LND001,2033,854
CLEWSity,LNDBLT001,LND001,2034,862
CLEWSity,LNDBLT001,LND001,2035,871
CLEWSity,LNDBLT001,LND001,2036,879
CLEWSity,LNDBLT001,LND001,2037,888
CLEWSity,LNDBLT001,LND001,2038,897
CLEWSity,LNDBLT001,LND001,2039,906
CLEWSity,LNDBLT001,LND001,2040,915
CLEWSity,LNDBLT001,LND001,2041,924
CLEWSity,LNDBLT001,LND001,2042,934
CLEWSity,LNDBLT001,LND001,2043,943
CLEWSity,LNDBLT001,LND001,2044,952
CLEWSity,LNDBLT001,LND001,2045,962
CLEWSity,LNDBLT001,LND001,2046,971
CLEWSity,LNDBLT001,LND001,2047,981
CLEWSity,LNDBLT001,LND001,2048,991
CLEWSity,LNDBLT001,LND001,2049,1001
CLEWSity,LNDBLT001,LND001,2050,1011
CLEWSity,LNDBLT001,LND001,2051,1021
CLEWSity,LNDBLT001,LND001,2052,1031
CLEWSity,LNDBLT001,LND001,2053,1042
CLEWSity,LNDBLT001,LND001,2054,1052
CLEWSity,LNDBLT001,LND001,2055,1062
CLEWSity,LNDBLT001,WATEVT,2020,10.5225
CLEWSity,LNDBLT001,WATEVT,2021,10.63474
CLEWSity,LNDBLT001,WATEVT,2022,10.73295
CLEWSity,LNDBLT001,WATEVT,2023,10.84519
CLEWSity,LNDBLT001,WATEVT,2024,10.9434
CLEWSity,LNDBLT001,WATEVT,2025,9.93668
CLEWSity,LNDBLT001,WATEVT,2026,10.03756
CLEWSity,LNDBLT001,WATEVT,2027,10.13844
CLEWSity,LNDBLT001,WATEVT,2028,10.23932
CLEWSity,LNDBLT001,WATEVT,2029,10.3402
CLEWSity,LNDBLT001,WATEVT,2030,10.44108
CLEWSity,LNDBLT001,WATEVT,2031,10.55457
CLEWSity,LNDBLT001,WATEVT,2032,10.65545
CLEWSity,LNDBLT001,WATEVT,2033,10.76894
CLEWSity,LNDBLT001,WATEVT,2034,10.86982
CLEWSity,LNDBLT001,WATEVT,2035,10.98331
CLEWSity,LNDBLT001,WATEVT,2036,11.08419
CLEWSity,LNDBLT001,WATEVT,2037,11.19768
CLEWSity,LNDBLT001,WATEVT,2038,11.31117
CLEWSity,LNDBLT001,WATEVT,2039,11.42466
CLEWSity,LNDBLT001,WATEVT,2040,10.44015
CLEWSity,LNDBLT001,WATEVT,2041,10.54284
CLEWSity,LNDBLT001,WATEVT,2042,10.65694
CLEWSity,LNDBLT001,WATEVT,2043,10.75963
CLEWSity,LNDBLT001,WATEVT,2044,10.86232
CLEWSity,LNDBLT001,WATEVT,2045,10.97642
CLEWSity,LNDBLT001,WATEVT,2046,11.07911
CLEWSity,LNDBLT001,WATEVT,2047,11.19321
CLEWSity,LNDBLT001,WATEVT,2048,11.30731
CLEWSity,LNDBLT001,WATEVT,2049,11.42141
CLEWSity,LNDBLT001,WATEVT,2050,11.53551
CLEWSity,LNDBLT001,WATEVT,2051,11.64961
CLEWSity,LNDBLT001,WATEVT,2052,11.76371
CLEWSity,LNDBLT001,WATEVT,2053,11.88922
CLEWSity,LNDBLT001,WATEVT,2054,12.00332
CLEWSity,LNDBLT001,WATEVT,2055,12.11742
CLEWSity,LNDBLT001,WATGRD,2020,0.57
CLEWSity,LNDBLT001,WATGRD,2021,0.57608
CLEWSity,LNDBLT001,WATGRD,2022,0.5814
CLEWSity,LNDBLT001,WATGRD,2023,0.58748
CLEWSity,LNDBLT001,WATGRD,2024,0.5928
CLEWSity,LNDBLT001,WATGRD,2025,0.53584
CLEWSity,LNDBLT001,WATGRD,2026,0.54128
CLEWSity,LNDBLT001,WATGRD,2027,0.54672
CLEWSity,LNDBLT001,WATGRD,2028,0.55216
CLEWSity,LNDBLT001,WATGRD,2029,0.5576
CLEWSity,LNDBLT001,WATGRD,2030,0.56304
CLEWSity,LNDBLT001,WATGRD,2031,0.56916
CLEWSity,LNDBLT001,WATGRD,2032,0.5746
CLEWSity,LNDBLT001,WATGRD,2033,0.58072
CLEWSity,LNDBLT001,WATGRD,2034,0.58616
CLEWSity,LNDBLT001,WATGRD,2035,0.59228
CLEWSity,LNDBLT001,WATGRD,2036,0.59772
CLEWSity,LNDBLT001,WATGRD,2037,0.60384
CLEWSity,LNDBLT001,WATGRD,2038,0.60996
CLEWSity,LNDBLT001,WATGRD,2039,0.61608
CLEWSity,LNDBLT001,WATGRD,2040,0.5673
CLEWSity,LNDBLT001,WATGRD,2041,0.57288
CLEWSity,LNDBLT001,WATGRD,2042,0.57908
CLEWSity,LNDBLT001,WATGRD,2043,0.58466
CLEWSity,LNDBLT001,WATGRD,2044,0.59024
CLEWSity,LNDBLT001,WATGRD,2045,0.59644
CLEWSity,LNDBLT001,WATGRD,2046,0.60202
CLEWSity,LNDBLT001,WATGRD,2047,0.60822
CLEWSity,LNDBLT001,WATGRD,2048,0.61442
CLEWSity,LNDBLT001,WATGRD,2049,0.62062
CLEWSity,LNDBLT001,WATGRD,2050,0.62682
CLEWSity,LNDBLT001,WATGRD,2051,0.63302
CLEWSity,LNDBLT001,WATGRD,2052,0.63922
CLEWSity,LNDBLT001,WATGRD,2053,0.64604
CLEWSity,LNDBLT001,WATGRD,2054,0.65224
CLEWSity,LNDBLT001,WATGRD,2055,0.65844
CLEWSity,LNDBLT001,WATSUR,2020,5.97
CLEWSity,LNDBLT001,WATSUR,2021,6.03368
CLEWSity,LNDBLT001,WATSUR,2022,6.0894
CLEWSity,LNDBLT001,WATSUR,2023,6.15308
CLEWSity,LNDBLT001,WATSUR,2024,6.2088
CLEWSity,LNDBLT001,WATSUR,2025,5.64208
CLEWSity,LNDBLT001,WATSUR,2026,5.69936
CLEWSity,LNDBLT001,WATSUR,2027,5.75664
CLEWSity,LNDBLT001,WATSUR,2028,5.81392
CLEWSity,LNDBLT001,WATSUR,2029,5.8712
CLEWSity,LNDBLT001,WATSUR,2030,5.92848
CLEWSity,LNDBLT001,WATSUR,2031,5.99292
CLEWSity,LNDBLT001,WATSUR,2032,6.0502
CLEWSity,LNDBLT001,WATSUR,2033,6.11464
CLEWSity,LNDBLT001,WATSUR,2034,6.17192
CLEWSity,LNDBLT001,WATSUR,2035,6.23636
CLEWSity,LNDBLT001,WATSUR,2036,6.29364
CLEWSity,LNDBLT001,WATSUR,2037,6.35808
CLEWSity,LNDBLT001,WATSUR,2038,6.42252
CLEWSity,LNDBLT001,WATSUR,2039,6.48696
CLEWSity,LNDBLT001,WATSUR,2040,5.9292
CLEWSity,LNDBLT001,WATSUR,2041,5.98752
CLEWSity,LNDBLT001,WATSUR,2042,6.05232
CLEWSity,LNDBLT001,WATSUR,2043,6.11064
CLEWSity,LNDBLT001,WATSUR,2044,6.16896
CLEWSity,LNDBLT001,WATSUR,2045,6.23376
CLEWSity,LNDBLT001,WATSUR,2046,6.29208
CLEWSity,LNDBLT001,WATSUR,2047,6.35688
CLEWSity,LNDBLT001,WATSUR,2048,6.42168
CLEWSity,LNDBLT001,WATSUR,2049,6.48648
CLEWSity,LNDBLT001,WATSUR,2050,6.55128
CLEWSity,LNDBLT001,WATSUR,2051,6.61608
CLEWSity,LNDBLT001,WATSUR,2052,6.68088
CLEWSity,LNDBLT001,WATSUR,2053,6.75216
CLEWSity,LNDBLT001,WATSUR,2054,6.81696
CLEWSity,LNDBLT001,WATSUR,2055,6.88176
CLEWSity,LNDCRP001I,CRP001,2020,0.092552169
CLEWSity,LNDCRP001I,CRP001,2021,0.132553519
CLEWSity,LNDCRP001I,CRP001,2022,0.171550819
CLEWSity,LNDCRP001I,CRP001,2023,0.211552169
CLEWSity,LNDCRP001I,CRP001,2024,0.250553519
CLEWSity,LNDCRP001I,CRP001,2025,0.290550819
CLEWSity,LNDCRP001I,CRP001,2026,0.329552169
CLEWSity,LNDCRP001I,CRP001,2027,0.369553519
CLEWSity,LNDCRP001I,CRP001,2028,0.408550819
CLEWSity,LNDCRP001I,CRP001,2029,0.448552169
CLEWSity,LNDCRP001I,CRP001,2030,0.487553519
CLEWSity,LNDCRP001I,CRP001,2031,0.530550819
CLEWSity,LNDCRP001I,CRP001,2032,0.572552169
CLEWSity,LNDCRP001I,CRP001,2033,0.615553519
CLEWSity,LNDCRP001I,CRP001,2034,0.658550819
CLEWSity,LNDCRP001I,CRP001,2035,0.703
CLEWSity,LNDCRP001I,CRP001,2036,0.719
CLEWSity,LNDCRP001I,CRP001,2037,0.734
CLEWSity,LNDCRP001I,CRP001,2038,0.75
CLEWSity,LNDCRP001I,CRP001,2039,0.766
CLEWSity,LNDCRP001I,CRP001,2040,0.781
CLEWSity,LNDCRP001I,CRP001,2041,0.801
CLEWSity,LNDCRP001I,CRP001,2042,0.82
CLEWSity,LNDCRP001I,CRP001,2043,0.84
CLEWSity,LNDCRP001I,CRP001,2044,0.859
CLEWSity,LNDCRP001I,CRP001,2045,0.879
CLEWSity,LNDCRP001I,CRP001,2046,0.898
CLEWSity,LNDCRP001I,CRP001,2047,0.918
CLEWSity,LNDCRP001I,CRP001,2048,0.938
CLEWSity,LNDCRP001I,CRP001,2049,0.957
CLEWSity,LNDCRP001I,CRP001,2050,0.977
CLEWSity,LNDCRP001I,CRP001,2051,1.001
CLEWSity,LNDCRP001I,CRP001,2052,0.990996006
CLEWSity,LNDCRP001I,CRP001,2053,0.852799533
CLEWSity,LNDCRP001I,CRP001,2054,0.77312
CLEWSity,LNDCRP001I,CRP001,2055,0.693439067
CLEWSity,LNDCRP001I,LND001,2020,13.61061307
CLEWSity,LNDCRP001I,LND001,2021,19.49316454
CLEWSity,LNDCRP001I,LND001,2022,25.2280616
CLEWSity,LNDCRP001I,LND001,2023,31.11061307
CLEWSity,LNDCRP001I,LND001,2024,36.84610572
CLEWSity,LNDCRP001I,LND001,2025,42.7280616
CLEWSity,LNDCRP001I,LND001,2026,48.46355425
CLEWSity,LNDCRP001I,LND001,2027,54.34610572
CLEWSity,LNDCRP001I,LND001,2028,60.08100278
CLEWSity,LNDCRP001I,LND001,2029,65.96355425
CLEWSity,LNDCRP001I,LND001,2030,71.6990469
CLEWSity,LNDCRP001I,LND001,2031,78.02217925
CLEWSity,LNDCRP001I,LND001,2032,84.19884837
CLEWSity,LNDCRP001I,LND001,2033,90.52257631
CLEWSity,LNDCRP001I,LND001,2034,96.84570866
CLEWSity,LNDCRP001I,LND001,2035,103.3823529
CLEWSity,LNDCRP001I,LND001,2036,105.7352941
CLEWSity,LNDCRP001I,LND001,2037,107.9411765
CLEWSity,LNDCRP001I,LND001,2038,110.2941176
CLEWSity,LNDCRP001I,LND001,2039,112.6470588
CLEWSity,LNDCRP001I,LND001,2040,114.8529412
CLEWSity,LNDCRP001I,LND001,2041,117.7941176
CLEWSity,LNDCRP001I,LND001,2042,120.5882353
CLEWSity,LNDCRP001I,LND001,2043,123.5294118
CLEWSity,LNDCRP001I,LND001,2044,126.3235294
CLEWSity,LNDCRP001I,LND001,2045,129.2647059
CLEWSity,LNDCRP001I,LND001,2046,132.0588235
CLEWSity,LNDCRP001I,LND001,2047,135
CLEWSity,LNDCRP001I,LND001,2048,137.9411765
CLEWSity,LNDCRP001I,LND001,2049,140.7352941
CLEWSity,LNDCRP001I,LND001,2050,143.6764706
CLEWSity,LNDCRP001I,LND001,2051,147.2058824
CLEWSity,LNDCRP001I,LND001,2052,145.7347068
CLEWSity,LNDCRP001I,LND001,2053,125.4116961
CLEWSity,LNDCRP001I,LND001,2054,113.6941176
CLEWSity,LNDCRP001I,LND001,2055,101.9763333
CLEWSity,LNDCRP001I,WATEVT,2020,0.12698702
CLEWSity,LNDCRP001I,WATEVT,2021,0.181871225
CLEWSity,LNDCRP001I,WATEVT,2022,0.235377815
CLEWSity,LNDCRP001I,WATEVT,2023,0.29026202
CLEWSity,LNDCRP001I,WATEVT,2024,0.343774166
CLEWSity,LNDCRP001I,WATEVT,2025,0.398652815
CLEWSity,LNDCRP001I,WATEVT,2026,0.452164961
CLEWSity,LNDCRP001I,WATEVT,2027,0.507049166
CLEWSity,LNDCRP001I,WATEVT,2028,0.560555756
CLEWSity,LNDCRP001I,WATEVT,2029,0.615439961
CLEWSity,LNDCRP001I,WATEVT,2030,0.668952108
CLEWSity,LNDCRP001I,WATEVT,2031,0.727946932
CLEWSity,LNDCRP001I,WATEVT,2032,0.785575255
CLEWSity,LNDCRP001I,WATEVT,2033,0.844575637
CLEWSity,LNDCRP001I,WATEVT,2034,0.903570462
CLEWSity,LNDCRP001I,WATEVT,2035,0.964557353
CLEWSity,LNDCRP001I,WATEVT,2036,0.986510294
CLEWSity,LNDCRP001I,WATEVT,2037,1.007091176
CLEWSity,LNDCRP001I,WATEVT,2038,1.029044118
CLEWSity,LNDCRP001I,WATEVT,2039,1.050997059
CLEWSity,LNDCRP001I,WATEVT,2040,1.071577941
CLEWSity,LNDCRP001I,WATEVT,2041,1.099019118
CLEWSity,LNDCRP001I,WATEVT,2042,1.125088235
CLEWSity,LNDCRP001I,WATEVT,2043,1.152529412
CLEWSity,LNDCRP001I,WATEVT,2044,1.178598529
CLEWSity,LNDCRP001I,WATEVT,2045,1.206039706
CLEWSity,LNDCRP001I,WATEVT,2046,1.232108824
CLEWSity,LNDCRP001I,WATEVT,2047,1.25955
CLEWSity,LNDCRP001I,WATEVT,2048,1.286991176
CLEWSity,LNDCRP001I,WATEVT,2049,1.313060294
CLEWSity,LNDCRP001I,WATEVT,2050,1.340501471
CLEWSity,LNDCRP001I,WATEVT,2051,1.373430882
CLEWSity,LNDCRP001I,WATEVT,2052,1.359704815
CLEWSity,LNDCRP001I,WATEVT,2053,1.170091124
CLEWSity,LNDCRP001I,WATEVT,2054,1.060766118
CLEWSity,LNDCRP001I,WATEVT,2055,0.95143919
CLEWSity,LNDCRP001I,WATGRD,2020,0.019735389
CLEWSity,LNDCRP001I,WATGRD,2021,0.028265089
CLEWSity,LNDCRP001I,WATGRD,2022,0.036580689
CLEWSity,LNDCRP001I,WATGRD,2023,0.045110389
CLEWSity,LNDCRP001I,WATGRD,2024,0.053426853
CLEWSity,LNDCRP001I,WATGRD,2025,0.061955689
CLEWSity,LNDCRP001I,WATGRD,2026,0.070272154
CLEWSity,LNDCRP001I,WATGRD,2027,0.078801853
CLEWSity,LNDCRP001I,WATGRD,2028,0.087117454
CLEWSity,LNDCRP001I,WATGRD,2029,0.095647154
CLEWSity,LNDCRP001I,WATGRD,2030,0.103963618
CLEWSity,LNDCRP001I,WATGRD,2031,0.11313216
CLEWSity,LNDCRP001I,WATGRD,2032,0.12208833
CLEWSity,LNDCRP001I,WATGRD,2033,0.131257736
CLEWSity,LNDCRP001I,WATGRD,2034,0.140426278
CLEWSity,LNDCRP001I,WATGRD,2035,0.149904412
CLEWSity,LNDCRP001I,WATGRD,2036,0.153316176
CLEWSity,LNDCRP001I,WATGRD,2037,0.156514706
CLEWSity,LNDCRP001I,WATGRD,2038,0.159926471
CLEWSity,LNDCRP001I,WATGRD,2039,0.163338235
CLEWSity,LNDCRP001I,WATGRD,2040,0.166536765
CLEWSity,LNDCRP001I,WATGRD,2041,0.170801471
CLEWSity,LNDCRP001I,WATGRD,2042,0.174852941
CLEWSity,LNDCRP001I,WATGRD,2043,0.179117647
CLEWSity,LNDCRP001I,WATGRD,2044,0.183169118
CLEWSity,LNDCRP001I,WATGRD,2045,0.187433824
CLEWSity,LNDCRP001I,WATGRD,2046,0.191485294
CLEWSity,LNDCRP001I,WATGRD,2047,0.19575
CLEWSity,LNDCRP001I,WATGRD,2048,0.200014706
CLEWSity,LNDCRP001I,WATGRD,2049,0.204066176
CLEWSity,LNDCRP001I,WATGRD,2050,0.208330882
CLEWSity,LNDCRP001I,WATGRD,2051,0.213448529
CLEWSity,LNDCRP001I,WATGRD,2052,0.211315325
CLEWSity,LNDCRP001I,WATGRD,2053,0.181846959
CLEWSity,LNDCRP001I,WATGRD,2054,0.164856471
CLEWSity,LNDCRP001I,WATGRD,2055,0.147865683
CLEWSity,LNDCRP001I,WATSUR,2020,0.234374757
CLEWSity,LNDCRP001I,WATSUR,2021,0.335672293
CLEWSity,LNDCRP001I,WATSUR,2022,0.434427221
CLEWSity,LNDCRP001I,WATSUR,2023,0.535724757
CLEWSity,LNDCRP001I,WATSUR,2024,0.634489941
CLEWSity,LNDCRP001I,WATSUR,2025,0.735777221
CLEWSity,LNDCRP001I,WATSUR,2026,0.834542404
CLEWSity,LNDCRP001I,WATSUR,2027,0.935839941
CLEWSity,LNDCRP001I,WATSUR,2028,1.034594868
CLEWSity,LNDCRP001I,WATSUR,2029,1.135892404
CLEWSity,LNDCRP001I,WATSUR,2030,1.234657588
CLEWSity,LNDCRP001I,WATSUR,2031,1.343541927
CLEWSity,LNDCRP001I,WATSUR,2032,1.449904169
CLEWSity,LNDCRP001I,WATSUR,2033,1.558798764
CLEWSity,LNDCRP001I,WATSUR,2034,1.667683103
CLEWSity,LNDCRP001I,WATSUR,2035,1.780244118
CLEWSity,LNDCRP001I,WATSUR,2036,1.820761765
CLEWSity,LNDCRP001I,WATSUR,2037,1.858747059
CLEWSity,LNDCRP001I,WATSUR,2038,1.899264706
CLEWSity,LNDCRP001I,WATSUR,2039,1.939782353
CLEWSity,LNDCRP001I,WATSUR,2040,1.977767647
CLEWSity,LNDCRP001I,WATSUR,2041,2.028414706
CLEWSity,LNDCRP001I,WATSUR,2042,2.076529412
CLEWSity,LNDCRP001I,WATSUR,2043,2.127176471
CLEWSity,LNDCRP001I,WATSUR,2044,2.175291176
CLEWSity,LNDCRP001I,WATSUR,2045,2.225938235
CLEWSity,LNDCRP001I,WATSUR,2046,2.274052941
CLEWSity,LNDCRP001I,WATSUR,2047,2.3247
CLEWSity,LNDCRP001I,WATSUR,2048,2.375347059
CLEWSity,LNDCRP001I,WATSUR,2049,2.423461765
CLEWSity,LNDCRP001I,WATSUR,2050,2.474108824
CLEWSity,LNDCRP001I,WATSUR,2051,2.534885294
CLEWSity,LNDCRP001I,WATSUR,2052,2.509551651
CLEWSity,LNDCRP001I,WATSUR,2053,2.159589406
CLEWSity,LNDCRP001I,WATSUR,2054,1.957812706
CLEWSity,LNDCRP001I,WATSUR,2055,1.75603246
CLEWSity,LNDCRP001R,CRP001,2020,0.407447831
CLEWSity,LNDCRP001R,CRP001,2021,0.380446481
CLEWSity,LNDCRP001R,CRP001,2022,0.353449181
CLEWSity,LNDCRP001R,CRP001,2023,0.326447831
CLEWSity,LNDCRP001R,CRP001,2024,0.299446481
CLEWSity,LNDCRP001R,CRP001,2025,0.272449181
CLEWSity,LNDCRP001R,CRP001,2026,0.245447831
CLEWSity,LNDCRP001R,CRP001,2027,0.218446481
CLEWSity,LNDCRP001R,CRP001,2028,0.191449181
CLEWSity,LNDCRP001R,CRP001,2029,0.164447831
CLEWSity,LNDCRP001R,CRP001,2030,0.137446481
CLEWSity,LNDCRP001R,CRP001,2031,0.110449181
CLEWSity,LNDCRP001R,CRP001,2032,0.083447831
CLEWSity,LNDCRP001R,CRP001,2033,0.056446481
CLEWSity,LNDCRP001R,CRP001,2034,0.029449181
CLEWSity,LNDCRP001R,CRP001,2052,0.034003994
CLEWSity,LNDCRP001R,CRP001,2053,0.197200467
CLEWSity,LNDCRP001R,CRP001,2054,0.30088
CLEWSity,LNDCRP001R,CRP001,2055,0.405560933
CLEWSity,LNDCRP001R,LND001,2020,100.6044027
CLEWSity,LNDCRP001R,LND001,2021,93.93740274
CLEWSity,LNDCRP001R,LND001,2022,87.27140274
CLEWSity,LNDCRP001R,LND001,2023,80.60440274
CLEWSity,LNDCRP001R,LND001,2024,73.93740274
CLEWSity,LNDCRP001R,LND001,2025,67.27140274
CLEWSity,LNDCRP001R,LND001,2026,60.60440274
CLEWSity,LNDCRP001R,LND001,2027,53.93740274
CLEWSity,LNDCRP001R,LND001,2028,47.27140274
CLEWSity,LNDCRP001R,LND001,2029,40.60440274
CLEWSity,LNDCRP001R,LND001,2030,33.93740274
CLEWSity,LNDCRP001R,LND001,2031,27.27140274
CLEWSity,LNDCRP001R,LND001,2032,20.60440274
CLEWSity,LNDCRP001R,LND001,2033,13.93740274
CLEWSity,LNDCRP001R,LND001,2034,7.27140274
CLEWSity,LNDCRP001R,LND001,2052,8.396047827
CLEWSity,LNDCRP001R,LND001,2053,48.69147325
CLEWSity,LNDCRP001R,LND001,2054,74.29135802
CLEWSity,LNDCRP001R,LND001,2055,100.1385021
CLEWSity,LNDCRP001R,WATEVT,2020,0.777672033
CLEWSity,LNDCRP001R,WATEVT,2021,0.726136123
CLEWSity,LNDCRP001R,WATEVT,2022,0.674607943
CLEWSity,LNDCRP001R,WATEVT,2023,0.623072033
CLEWSity,LNDCRP001R,WATEVT,2024,0.571536123
CLEWSity,LNDCRP001R,WATEVT,2025,0.467536249
CLEWSity,LNDCRP001R,WATEVT,2026,0.421200599
CLEWSity,LNDCRP001R,WATEVT,2027,0.374864949
CLEWSity,LNDCRP001R,WATEVT,2028,0.328536249
CLEWSity,LNDCRP001R,WATEVT,2029,0.282200599
CLEWSity,LNDCRP001R,WATEVT,2030,0.235864949
CLEWSity,LNDCRP001R,WATEVT,2031,0.189536249
CLEWSity,LNDCRP001R,WATEVT,2032,0.143200599
CLEWSity,LNDCRP001R,WATEVT,2033,0.096864949
CLEWSity,LNDCRP001R,WATEVT,2034,0.050536249
CLEWSity,LNDCRP001R,WATEVT,2052,0.052811141
CLEWSity,LNDCRP001R,WATEVT,2053,0.306269367
CLEWSity,LNDCRP001R,WATEVT,2054,0.467292642
CLEWSity,LNDCRP001R,WATEVT,2055,0.629871178
CLEWSity,LNDCRP001R,WATGRD,2020,0.07746539
CLEWSity,LNDCRP001R,WATGRD,2021,0.0723318
CLEWSity,LNDCRP001R,WATGRD,2022,0.06719898
CLEWSity,LNDCRP001R,WATGRD,2023,0.06206539
CLEWSity,LNDCRP001R,WATGRD,2024,0.0569318
CLEWSity,LNDCRP001R,WATGRD,2025,0.046417268
CLEWSity,LNDCRP001R,WATGRD,2026,0.041817038
CLEWSity,LNDCRP001R,WATGRD,2027,0.037216808
CLEWSity,LNDCRP001R,WATGRD,2028,0.032617268
CLEWSity,LNDCRP001R,WATGRD,2029,0.028017038
CLEWSity,LNDCRP001R,WATGRD,2030,0.023416808
CLEWSity,LNDCRP001R,WATGRD,2031,0.018817268
CLEWSity,LNDCRP001R,WATGRD,2032,0.014217038
CLEWSity,LNDCRP001R,WATGRD,2033,0.009616808
CLEWSity,LNDCRP001R,WATGRD,2034,0.005017268
CLEWSity,LNDCRP001R,WATGRD,2052,0.00528951
CLEWSity,LNDCRP001R,WATGRD,2053,0.030675628
CLEWSity,LNDCRP001R,WATGRD,2054,0.046803556
CLEWSity,LNDCRP001R,WATGRD,2055,0.063087256
CLEWSity,LNDCRP001R,WATSUR,2020,1.433612739
CLEWSity,LNDCRP001R,WATSUR,2021,1.338607989
CLEWSity,LNDCRP001R,WATSUR,2022,1.243617489
CLEWSity,LNDCRP001R,WATSUR,2023,1.148612739
CLEWSity,LNDCRP001R,WATSUR,2024,1.053607989
CLEWSity,LNDCRP001R,WATSUR,2025,0.861746669
CLEWSity,LNDCRP001R,WATSUR,2026,0.776342399
CLEWSity,LNDCRP001R,WATSUR,2027,0.690938129
CLEWSity,LNDCRP001R,WATSUR,2028,0.605546669
CLEWSity,LNDCRP001R,WATSUR,2029,0.520142399
CLEWSity,LNDCRP001R,WATSUR,2030,0.434738129
CLEWSity,LNDCRP001R,WATSUR,2031,0.349346669
CLEWSity,LNDCRP001R,WATSUR,2032,0.263942399
CLEWSity,LNDCRP001R,WATSUR,2033,0.178538129
CLEWSity,LNDCRP001R,WATSUR,2034,0.093146669
CLEWSity,LNDCRP001R,WATSUR,2052,0.097310194
CLEWSity,LNDCRP001R,WATSUR,2053,0.564334175
CLEWSity,LNDCRP001R,WATSUR,2054,0.86103684
CLEWSity,LNDCRP001R,WATSUR,2055,1.160605239
CLEWSity,LNDCRP002I,CRP002,2020,1.8
CLEWSity,LNDCRP002I,CRP002,2021,4.554419
CLEWSity,LNDCRP002I,CRP002,2022,4.667334
CLEWSity,LNDCRP002I,CRP002,2023,4.774401083
CLEWSity,LNDCRP002I,CRP002,2024,4.885644
CLEWSity,LNDCRP002I,CRP002,2025,4.998572
CLEWSity,LNDCRP002I,CRP002,2026,5.111487
CLEWSity,LNDCRP002I,CRP002,2027,5.218811583
CLEWSity,LNDCRP002I,CRP002,2028,5.329910958
CLEWSity,LNDCRP002I,CRP002,2029,5.442712
CLEWSity,LNDCRP002I,CRP002,2030,5.55564
CLEWSity,LNDCRP002I,CRP002,2031,5.691147
CLEWSity,LNDCRP002I,CRP002,2032,5.829580042
CLEWSity,LNDCRP002I,CRP002,2033,5.969681
CLEWSity,LNDCRP002I,CRP002,2034,6.224232375
CLEWSity,LNDCRP002I,CRP002,2035,6.594782
CLEWSity,LNDCRP002I,CRP002,2036,6.768514708
CLEWSity,LNDCRP002I,CRP002,2037,7.057929
CLEWSity,LNDCRP002I,CRP002,2038,7.34087425
CLEWSity,LNDCRP002I,CRP002,2039,7.626749917
CLEWSity,LNDCRP002I,CRP002,2040,6.94079
CLEWSity,LNDCRP002I,CRP002,2041,7.269925667
CLEWSity,LNDCRP002I,CRP002,2042,7.28681975
CLEWSity,LNDCRP002I,CRP002,2043,7.462098
CLEWSity,LNDCRP002I,CRP002,2044,7.633634917
CLEWSity,LNDCRP002I,CRP002,2045,7.807049
CLEWSity,LNDCRP002I,CRP002,2046,8.147414
CLEWSity,LNDCRP002I,CRP002,2047,8.482676
CLEWSity,LNDCRP002I,CRP002,2048,8.819884458
CLEWSity,LNDCRP002I,CRP002,2049,9.043538
CLEWSity,LNDCRP002I,CRP002,2050,9.261618
CLEWSity,LNDCRP002I,CRP002,2051,9.535920083
CLEWSity,LNDCRP002I,CRP002,2052,9.811501542
CLEWSity,LNDCRP002I,CRP002,2053,9.246070736
CLEWSity,LNDCRP002I,CRP002,2054,9.070342167
CLEWSity,LNDCRP002I,CRP002,2055,9.262716
CLEWSity,LNDCRP002I,LND001,2020,18
CLEWSity,LNDCRP002I,LND001,2021,45.54419
CLEWSity,LNDCRP002I,LND001,2022,46.67334
CLEWSity,LNDCRP002I,LND001,2023,47.74401083
CLEWSity,LNDCRP002I,LND001,2024,48.85644
CLEWSity,LNDCRP002I,LND001,2025,49.98572
CLEWSity,LNDCRP002I,LND001,2026,51.11487
CLEWSity,LNDCRP002I,LND001,2027,52.18811583
CLEWSity,LNDCRP002I,LND001,2028,53.29910958
CLEWSity,LNDCRP002I,LND001,2029,54.42712
CLEWSity,LNDCRP002I,LND001,2030,55.5564
CLEWSity,LNDCRP002I,LND001,2031,56.91147
CLEWSity,LNDCRP002I,LND001,2032,58.29580042
CLEWSity,LNDCRP002I,LND001,2033,59.69681
CLEWSity,LNDCRP002I,LND001,2034,62.24232375
CLEWSity,LNDCRP002I,LND001,2035,65.94782
CLEWSity,LNDCRP002I,LND001,2036,67.68514708
CLEWSity,LNDCRP002I,LND001,2037,70.57929
CLEWSity,LNDCRP002I,LND001,2038,73.4087425
CLEWSity,LNDCRP002I,LND001,2039,76.26749917
CLEWSity,LNDCRP002I,LND001,2040,69.4079
CLEWSity,LNDCRP002I,LND001,2041,72.69925667
CLEWSity,LNDCRP002I,LND001,2042,72.8681975
CLEWSity,LNDCRP002I,LND001,2043,74.62098
CLEWSity,LNDCRP002I,LND001,2044,76.33634917
CLEWSity,LNDCRP002I,LND001,2045,78.07049
CLEWSity,LNDCRP002I,LND001,2046,81.47414
CLEWSity,LNDCRP002I,LND001,2047,84.82676
CLEWSity,LNDCRP002I,LND001,2048,88.19884458
CLEWSity,LNDCRP002I,LND001,2049,90.43538
CLEWSity,LNDCRP002I,LND001,2050,92.61618
CLEWSity,LNDCRP002I,LND001,2051,95.35920083
CLEWSity,LNDCRP002I,LND001,2052,98.11501542
CLEWSity,LNDCRP002I,LND001,2053,92.46070736
CLEWSity,LNDCRP002I,LND001,2054,90.70342167
CLEWSity,LNDCRP002I,LND001,2055,92.62716
CLEWSity,LNDCRP002I,WATEVT,2020,0.39492
CLEWSity,LNDCRP002I,WATEVT,2021,0.999239529
CLEWSity,LNDCRP002I,WATEVT,2022,1.02401308
CLEWSity,LNDCRP002I,WATEVT,2023,1.047503598
CLEWSity,LNDCRP002I,WATEVT,2024,1.071910294
CLEWSity,LNDCRP002I,WATEVT,2025,1.096686697
CLEWSity,LNDCRP002I,WATEVT,2026,1.121460248
CLEWSity,LNDCRP002I,WATEVT,2027,1.145007261
CLEWSity,LNDCRP002I,WATEVT,2028,1.169382464
CLEWSity,LNDCRP002I,WATEVT,2029,1.194131013
CLEWSity,LNDCRP002I,WATEVT,2030,1.218907416
CLEWSity,LNDCRP002I,WATEVT,2031,1.248637652
CLEWSity,LNDCRP002I,WATEVT,2032,1.279009861
CLEWSity,LNDCRP002I,WATEVT,2033,1.309748011
CLEWSity,LNDCRP002I,WATEVT,2034,1.365596583
CLEWSity,LNDCRP002I,WATEVT,2035,1.446895171
CLEWSity,LNDCRP002I,WATEVT,2036,1.485012127
CLEWSity,LNDCRP002I,WATEVT,2037,1.548509623
CLEWSity,LNDCRP002I,WATEVT,2038,1.61058781
CLEWSity,LNDCRP002I,WATEVT,2039,1.673308932
CLEWSity,LNDCRP002I,WATEVT,2040,1.522809326
CLEWSity,LNDCRP002I,WATEVT,2041,1.595021691
CLEWSity,LNDCRP002I,WATEVT,2042,1.598728253
CLEWSity,LNDCRP002I,WATEVT,2043,1.637184301
CLEWSity,LNDCRP002I,WATEVT,2044,1.674819501
CLEWSity,LNDCRP002I,WATEVT,2045,1.712866551
CLEWSity,LNDCRP002I,WATEVT,2046,1.787542632
CLEWSity,LNDCRP002I,WATEVT,2047,1.861099114
CLEWSity,LNDCRP002I,WATEVT,2048,1.93508265
CLEWSity,LNDCRP002I,WATEVT,2049,1.984152237
CLEWSity,LNDCRP002I,WATEVT,2050,2.031998989
CLEWSity,LNDCRP002I,WATEVT,2051,2.092180866
CLEWSity,LNDCRP002I,WATEVT,2052,2.152643438
CLEWSity,LNDCRP002I,WATEVT,2053,2.028587919
CLEWSity,LNDCRP002I,WATEVT,2054,1.990033071
CLEWSity,LNDCRP002I,WATEVT,2055,2.03223989
CLEWSity,LNDCRP002I,WATGRD,2020,0.00774
CLEWSity,LNDCRP002I,WATGRD,2021,0.019584002
CLEWSity,LNDCRP002I,WATGRD,2022,0.020069536
CLEWSity,LNDCRP002I,WATGRD,2023,0.020529925
CLEWSity,LNDCRP002I,WATGRD,2024,0.021008269
CLEWSity,LNDCRP002I,WATGRD,2025,0.02149386
CLEWSity,LNDCRP002I,WATGRD,2026,0.021979394
CLEWSity,LNDCRP002I,WATGRD,2027,0.02244089
CLEWSity,LNDCRP002I,WATGRD,2028,0.022918617
CLEWSity,LNDCRP002I,WATGRD,2029,0.023403662
CLEWSity,LNDCRP002I,WATGRD,2030,0.023889252
CLEWSity,LNDCRP002I,WATGRD,2031,0.024471932
CLEWSity,LNDCRP002I,WATGRD,2032,0.025067194
CLEWSity,LNDCRP002I,WATGRD,2033,0.025669628
CLEWSity,LNDCRP002I,WATGRD,2034,0.026764199
CLEWSity,LNDCRP002I,WATGRD,2035,0.028357563
CLEWSity,LNDCRP002I,WATGRD,2036,0.029104613
CLEWSity,LNDCRP002I,WATGRD,2037,0.030349095
CLEWSity,LNDCRP002I,WATGRD,2038,0.031565759
CLEWSity,LNDCRP002I,WATGRD,2039,0.032795025
CLEWSity,LNDCRP002I,WATGRD,2040,0.029845397
CLEWSity,LNDCRP002I,WATGRD,2041,0.03126068
CLEWSity,LNDCRP002I,WATGRD,2042,0.031333325
CLEWSity,LNDCRP002I,WATGRD,2043,0.032087021
CLEWSity,LNDCRP002I,WATGRD,2044,0.03282463
CLEWSity,LNDCRP002I,WATGRD,2045,0.033570311
CLEWSity,LNDCRP002I,WATGRD,2046,0.03503388
CLEWSity,LNDCRP002I,WATGRD,2047,0.036475507
CLEWSity,LNDCRP002I,WATGRD,2048,0.037925503
CLEWSity,LNDCRP002I,WATGRD,2049,0.038887213
CLEWSity,LNDCRP002I,WATGRD,2050,0.039824957
CLEWSity,LNDCRP002I,WATGRD,2051,0.041004456
CLEWSity,LNDCRP002I,WATGRD,2052,0.042189457
CLEWSity,LNDCRP002I,WATGRD,2053,0.039758104
CLEWSity,LNDCRP002I,WATGRD,2054,0.039002471
CLEWSity,LNDCRP002I,WATGRD,2055,0.039829679
CLEWSity,LNDCRP002I,WATSUR,2020,0.1332
CLEWSity,LNDCRP002I,WATSUR,2021,0.337027006
CLEWSity,LNDCRP002I,WATSUR,2022,0.345382716
CLEWSity,LNDCRP002I,WATSUR,2023,0.35330568
CLEWSity,LNDCRP002I,WATSUR,2024,0.361537656
CLEWSity,LNDCRP002I,WATSUR,2025,0.369894328
CLEWSity,LNDCRP002I,WATSUR,2026,0.378250038
CLEWSity,LNDCRP002I,WATSUR,2027,0.386192057
CLEWSity,LNDCRP002I,WATSUR,2028,0.394413411
CLEWSity,LNDCRP002I,WATSUR,2029,0.402760688
CLEWSity,LNDCRP002I,WATSUR,2030,0.41111736
CLEWSity,LNDCRP002I,WATSUR,2031,0.421144878
CLEWSity,LNDCRP002I,WATSUR,2032,0.431388923
CLEWSity,LNDCRP002I,WATSUR,2033,0.441756394
CLEWSity,LNDCRP002I,WATSUR,2034,0.460593196
CLEWSity,LNDCRP002I,WATSUR,2035,0.488013868
CLEWSity,LNDCRP002I,WATSUR,2036,0.500870088
CLEWSity,LNDCRP002I,WATSUR,2037,0.522286746
CLEWSity,LNDCRP002I,WATSUR,2038,0.543224695
CLEWSity,LNDCRP002I,WATSUR,2039,0.564379494
CLEWSity,LNDCRP002I,WATSUR,2040,0.51361846
CLEWSity,LNDCRP002I,WATSUR,2041,0.537974499
CLEWSity,LNDCRP002I,WATSUR,2042,0.539224662
CLEWSity,LNDCRP002I,WATSUR,2043,0.552195252
CLEWSity,LNDCRP002I,WATSUR,2044,0.564888984
CLEWSity,LNDCRP002I,WATSUR,2045,0.577721626
CLEWSity,LNDCRP002I,WATSUR,2046,0.602908636
CLEWSity,LNDCRP002I,WATSUR,2047,0.627718024
CLEWSity,LNDCRP002I,WATSUR,2048,0.65267145
CLEWSity,LNDCRP002I,WATSUR,2049,0.669221812
CLEWSity,LNDCRP002I,WATSUR,2050,0.685359732
CLEWSity,LNDCRP002I,WATSUR,2051,0.705658086
CLEWSity,LNDCRP002I,WATSUR,2052,0.726051114
CLEWSity,LNDCRP002I,WATSUR,2053,0.684209234
CLEWSity,LNDCRP002I,WATSUR,2054,0.67120532
CLEWSity,LNDCRP002I,WATSUR,2055,0.685440984
CLEWSity,LNDCRP002R,CRP002,2020,3.84
CLEWSity,LNDCRP002R,CRP002,2021,1.228461
CLEWSity,LNDCRP002R,CRP002,2022,1.258426
CLEWSity,LNDCRP002R,CRP002,2023,1.288391
CLEWSity,LNDCRP002R,CRP002,2024,1.318356
CLEWSity,LNDCRP002R,CRP002,2025,1.348308
CLEWSity,LNDCRP002R,CRP002,2026,1.378273
CLEWSity,LNDCRP002R,CRP002,2027,1.408238
CLEWSity,LNDCRP002R,CRP002,2028,1.438203
CLEWSity,LNDCRP002R,CRP002,2029,1.468168
CLEWSity,LNDCRP002R,CRP002,2030,1.49812
CLEWSity,LNDCRP002R,CRP002,2031,1.535573
CLEWSity,LNDCRP002R,CRP002,2032,1.573026
CLEWSity,LNDCRP002R,CRP002,2033,1.610479
CLEWSity,LNDCRP002R,CRP002,2034,1.530737
CLEWSity,LNDCRP002R,CRP002,2035,1.338818
CLEWSity,LNDCRP002R,CRP002,2036,1.338818
CLEWSity,LNDCRP002R,CRP002,2037,1.229111
CLEWSity,LNDCRP002R,CRP002,2038,1.119417
CLEWSity,LNDCRP002R,CRP002,2039,1.009723
CLEWSity,LNDCRP002R,CRP002,2040,1.87265
CLEWSity,LNDCRP002R,CRP002,2041,1.762956
CLEWSity,LNDCRP002R,CRP002,2042,1.966289
CLEWSity,LNDCRP002R,CRP002,2043,2.013102
CLEWSity,LNDCRP002R,CRP002,2044,2.059928
CLEWSity,LNDCRP002R,CRP002,2045,2.106741
CLEWSity,LNDCRP002R,CRP002,2046,1.989546
CLEWSity,LNDCRP002R,CRP002,2047,1.872364
CLEWSity,LNDCRP002R,CRP002,2048,1.755182
CLEWSity,LNDCRP002R,CRP002,2049,1.755182
CLEWSity,LNDCRP002R,CRP002,2050,1.755182
CLEWSity,LNDCRP002R,CRP002,2051,1.755182
CLEWSity,LNDCRP002R,CRP002,2052,1.755182
CLEWSity,LNDCRP002R,CRP002,2053,2.597929264
CLEWSity,LNDCRP002R,CRP002,2054,3.046909083
CLEWSity,LNDCRP002R,CRP002,2055,3.130244
CLEWSity,LNDCRP002R,LND001,2020,73.84615385
CLEWSity,LNDCRP002R,LND001,2021,23.62425
CLEWSity,LNDCRP002R,LND001,2022,24.2005
CLEWSity,LNDCRP002R,LND001,2023,24.77675
CLEWSity,LNDCRP002R,LND001,2024,25.353
CLEWSity,LNDCRP002R,LND001,2025,25.929
CLEWSity,LNDCRP002R,LND001,2026,26.50525
CLEWSity,LNDCRP002R,LND001,2027,27.0815
CLEWSity,LNDCRP002R,LND001,2028,27.65775
CLEWSity,LNDCRP002R,LND001,2029,28.234
CLEWSity,LNDCRP002R,LND001,2030,28.81
CLEWSity,LNDCRP002R,LND001,2031,29.53025
CLEWSity,LNDCRP002R,LND001,2032,30.2505
CLEWSity,LNDCRP002R,LND001,2033,30.97075
CLEWSity,LNDCRP002R,LND001,2034,29.43725
CLEWSity,LNDCRP002R,LND001,2035,25.7465
CLEWSity,LNDCRP002R,LND001,2036,25.7465
CLEWSity,LNDCRP002R,LND001,2037,23.63675
CLEWSity,LNDCRP002R,LND001,2038,21.52725
CLEWSity,LNDCRP002R,LND001,2039,19.41775
CLEWSity,LNDCRP002R,LND001,2040,36.0125
CLEWSity,LNDCRP002R,LND001,2041,33.903
CLEWSity,LNDCRP002R,LND001,2042,37.81325
CLEWSity,LNDCRP002R,LND001,2043,38.7135
CLEWSity,LNDCRP002R,LND001,2044,39.614
CLEWSity,LNDCRP002R,LND001,2045,40.51425
CLEWSity,LNDCRP002R,LND001,2046,38.2605
CLEWSity,LNDCRP002R,LND001,2047,36.007
CLEWSity,LNDCRP002R,LND001,2048,33.7535
CLEWSity,LNDCRP002R,LND001,2049,33.7535
CLEWSity,LNDCRP002R,LND001,2050,33.7535
CLEWSity,LNDCRP002R,LND001,2051,33.7535
CLEWSity,LNDCRP002R,LND001,2052,33.7535
CLEWSity,LNDCRP002R,LND001,2053,49.96017816
CLEWSity,LNDCRP002R,LND001,2054,58.59440545
CLEWSity,LNDCRP002R,LND001,2055,60.197
CLEWSity,LNDCRP002R,WATEVT,2020,0.683076923
CLEWSity,LNDCRP002R,WATEVT,2021,0.218524313
CLEWSity,LNDCRP002R,WATEVT,2022,0.223854625
CLEWSity,LNDCRP002R,WATEVT,2023,0.229184938
CLEWSity,LNDCRP002R,WATEVT,2024,0.23451525
CLEWSity,LNDCRP002R,WATEVT,2025,0.21546999
CLEWSity,LNDCRP002R,WATEVT,2026,0.220258628
CLEWSity,LNDCRP002R,WATEVT,2027,0.225047265
CLEWSity,LNDCRP002R,WATEVT,2028,0.229835903
CLEWSity,LNDCRP002R,WATEVT,2029,0.23462454
CLEWSity,LNDCRP002R,WATEVT,2030,0.2394111
CLEWSity,LNDCRP002R,WATEVT,2031,0.245396378
CLEWSity,LNDCRP002R,WATEVT,2032,0.251381655
CLEWSity,LNDCRP002R,WATEVT,2033,0.257366933
CLEWSity,LNDCRP002R,WATEVT,2034,0.244623548
CLEWSity,LNDCRP002R,WATEVT,2035,0.213953415
CLEWSity,LNDCRP002R,WATEVT,2036,0.213953415
CLEWSity,LNDCRP002R,WATEVT,2037,0.196421393
CLEWSity,LNDCRP002R,WATEVT,2038,0.178891448
CLEWSity,LNDCRP002R,WATEVT,2039,0.161361503
CLEWSity,LNDCRP002R,WATEVT,2040,0.270814
CLEWSity,LNDCRP002R,WATEVT,2041,0.25495056
CLEWSity,LNDCRP002R,WATEVT,2042,0.28435564
CLEWSity,LNDCRP002R,WATEVT,2043,0.29112552
CLEWSity,LNDCRP002R,WATEVT,2044,0.29789728
CLEWSity,LNDCRP002R,WATEVT,2045,0.30466716
CLEWSity,LNDCRP002R,WATEVT,2046,0.28771896
CLEWSity,LNDCRP002R,WATEVT,2047,0.27077264
CLEWSity,LNDCRP002R,WATEVT,2048,0.25382632
CLEWSity,LNDCRP002R,WATEVT,2049,0.25382632
CLEWSity,LNDCRP002R,WATEVT,2050,0.25382632
CLEWSity,LNDCRP002R,WATEVT,2051,0.25382632
CLEWSity,LNDCRP002R,WATEVT,2052,0.25382632
CLEWSity,LNDCRP002R,WATEVT,2053,0.37570054
CLEWSity,LNDCRP002R,WATEVT,2054,0.440629929
CLEWSity,LNDCRP002R,WATEVT,2055,0.45268144
CLEWSity,LNDCRP002R,WATGRD,2020,0.056861538
CLEWSity,LNDCRP002R,WATGRD,2021,0.018190673
CLEWSity,LNDCRP002R,WATGRD,2022,0.018634385
CLEWSity,LNDCRP002R,WATGRD,2023,0.019078098
CLEWSity,LNDCRP002R,WATGRD,2024,0.01952181
CLEWSity,LNDCRP002R,WATGRD,2025,0.01789101
CLEWSity,LNDCRP002R,WATGRD,2026,0.018288623
CLEWSity,LNDCRP002R,WATGRD,2027,0.018686235
CLEWSity,LNDCRP002R,WATGRD,2028,0.019083848
CLEWSity,LNDCRP002R,WATGRD,2029,0.01948146
CLEWSity,LNDCRP002R,WATGRD,2030,0.0198789
CLEWSity,LNDCRP002R,WATGRD,2031,0.020375873
CLEWSity,LNDCRP002R,WATGRD,2032,0.020872845
CLEWSity,LNDCRP002R,WATGRD,2033,0.021369818
CLEWSity,LNDCRP002R,WATGRD,2034,0.020311703
CLEWSity,LNDCRP002R,WATGRD,2035,0.017765085
CLEWSity,LNDCRP002R,WATGRD,2036,0.017765085
CLEWSity,LNDCRP002R,WATGRD,2037,0.016309358
CLEWSity,LNDCRP002R,WATGRD,2038,0.014853803
CLEWSity,LNDCRP002R,WATGRD,2039,0.013398248
CLEWSity,LNDCRP002R,WATGRD,2040,0.022687875
CLEWSity,LNDCRP002R,WATGRD,2041,0.02135889
CLEWSity,LNDCRP002R,WATGRD,2042,0.023822348
CLEWSity,LNDCRP002R,WATGRD,2043,0.024389505
CLEWSity,LNDCRP002R,WATGRD,2044,0.02495682
CLEWSity,LNDCRP002R,WATGRD,2045,0.025523978
CLEWSity,LNDCRP002R,WATGRD,2046,0.024104115
CLEWSity,LNDCRP002R,WATGRD,2047,0.02268441
CLEWSity,LNDCRP002R,WATGRD,2048,0.021264705
CLEWSity,LNDCRP002R,WATGRD,2049,0.021264705
CLEWSity,LNDCRP002R,WATGRD,2050,0.021264705
CLEWSity,LNDCRP002R,WATGRD,2051,0.021264705
CLEWSity,LNDCRP002R,WATGRD,2052,0.021264705
CLEWSity,LNDCRP002R,WATGRD,2053,0.031474912
CLEWSity,LNDCRP002R,WATGRD,2054,0.036914475
CLEWSity,LNDCRP002R,WATGRD,2055,0.03792411
CLEWSity,LNDCRP002R,WATSUR,2020,0.940061538
CLEWSity,LNDCRP002R,WATSUR,2021,0.300736703
CLEWSity,LNDCRP002R,WATSUR,2022,0.308072365
CLEWSity,LNDCRP002R,WATSUR,2023,0.315408028
CLEWSity,LNDCRP002R,WATSUR,2024,0.32274369
CLEWSity,LNDCRP002R,WATSUR,2025,0.29662776
CLEWSity,LNDCRP002R,WATSUR,2026,0.30322006
CLEWSity,LNDCRP002R,WATSUR,2027,0.30981236
CLEWSity,LNDCRP002R,WATSUR,2028,0.31640466
CLEWSity,LNDCRP002R,WATSUR,2029,0.32299696
CLEWSity,LNDCRP002R,WATSUR,2030,0.3295864
CLEWSity,LNDCRP002R,WATSUR,2031,0.33782606
CLEWSity,LNDCRP002R,WATSUR,2032,0.34606572
CLEWSity,LNDCRP002R,WATSUR,2033,0.35430538
CLEWSity,LNDCRP002R,WATSUR,2034,0.33676214
CLEWSity,LNDCRP002R,WATSUR,2035,0.29453996
CLEWSity,LNDCRP002R,WATSUR,2036,0.29453996
CLEWSity,LNDCRP002R,WATSUR,2037,0.27040442
CLEWSity,LNDCRP002R,WATSUR,2038,0.24627174
CLEWSity,LNDCRP002R,WATSUR,2039,0.22213906
CLEWSity,LNDCRP002R,WATSUR,2040,0.372729375
CLEWSity,LNDCRP002R,WATSUR,2041,0.35089605
CLEWSity,LNDCRP002R,WATSUR,2042,0.391367138
CLEWSity,LNDCRP002R,WATSUR,2043,0.400684725
CLEWSity,LNDCRP002R,WATSUR,2044,0.4100049
CLEWSity,LNDCRP002R,WATSUR,2045,0.419322488
CLEWSity,LNDCRP002R,WATSUR,2046,0.395996175
CLEWSity,LNDCRP002R,WATSUR,2047,0.37267245
CLEWSity,LNDCRP002R,WATSUR,2048,0.349348725
CLEWSity,LNDCRP002R,WATSUR,2049,0.349348725
CLEWSity,LNDCRP002R,WATSUR,2050,0.349348725
CLEWSity,LNDCRP002R,WATSUR,2051,0.349348725
CLEWSity,LNDCRP002R,WATSUR,2052,0.349348725
CLEWSity,LNDCRP002R,WATSUR,2053,0.517087844
CLEWSity,LNDCRP002R,WATSUR,2054,0.606452096
CLEWSity,LNDCRP002R,WATSUR,2055,0.62303895
CLEWSity,LNDFOR001,FORSTK,2020,157.5
CLEWSity,LNDFOR001,FORSTK,2021,165.39
CLEWSity,LNDFOR001,FORSTK,2022,173.64
CLEWSity,LNDFOR001,FORSTK,2023,182.34
CLEWSity,LNDFOR001,FORSTK,2024,191.43
CLEWSity,LNDFOR001,FORSTK,2025,201
CLEWSity,LNDFOR001,FORSTK,2026,211.08
CLEWSity,LNDFOR001,FORSTK,2027,221.61
CLEWSity,LNDFOR001,FORSTK,2028,232.71
CLEWSity,LNDFOR001,FORSTK,2029,244.32
CLEWSity,LNDFOR001,FORSTK,2030,256.56
CLEWSity,LNDFOR001,FORSTK,2031,269.37
CLEWSity,LNDFOR001,FORSTK,2032,281.73
CLEWSity,LNDFOR001,FORSTK,2033,279.12
CLEWSity,LNDFOR001,FORSTK,2034,276.2428464
CLEWSity,LNDFOR001,FORSTK,2035,273.87
CLEWSity,LNDFOR001,FORSTK,2036,273.63
CLEWSity,LNDFOR001,FORSTK,2037,273.36
CLEWSity,LNDFOR001,FORSTK,2038,273.09
CLEWSity,LNDFOR001,FORSTK,2039,272.82
CLEWSity,LNDFOR001,FORSTK,2040,272.55
CLEWSity,LNDFOR001,FORSTK,2041,272.28
CLEWSity,LNDFOR001,FORSTK,2042,271.98
CLEWSity,LNDFOR001,FORSTK,2043,271.71
CLEWSity,LNDFOR001,FORSTK,2044,271.44
CLEWSity,LNDFOR001,FORSTK,2045,271.14
CLEWSity,LNDFOR001,FORSTK,2046,270.87
CLEWSity,LNDFOR001,FORSTK,2047,270.57
CLEWSity,LNDFOR001,FORSTK,2048,270.27
CLEWSity,LNDFOR001,FORSTK,2049,269.97
CLEWSity,LNDFOR001,FORSTK,2050,269.67
CLEWSity,LNDFOR001,FORSTK,2051,269.37
CLEWSity,LNDFOR001,FORSTK,2052,269.07
CLEWSity,LNDFOR001,FORSTK,2053,268.74
CLEWSity,LNDFOR001,FORSTK,2054,268.44
CLEWSity,LNDFOR001,FORSTK,2055,268.14
CLEWSity,LNDFOR001,LND001,2020,5250
CLEWSity,LNDFOR001,LND001,2021,5513
CLEWSity,LNDFOR001,LND001,2022,5788
CLEWSity,LNDFOR001,LND001,2023,6078
CLEWSity,LNDFOR001,LND001,2024,6381
CLEWSity,LNDFOR001,LND001,2025,6700
CLEWSity,LNDFOR001,LND001,2026,7036
CLEWSity,LNDFOR001,LND001,2027,7387
CLEWSity,LNDFOR001,LND001,2028,7757
CLEWSity,LNDFOR001,LND001,2029,8144
CLEWSity,LNDFOR001,LND001,2030,8552
CLEWSity,LNDFOR001,LND001,2031,8979
CLEWSity,LNDFOR001,LND001,2032,9391
CLEWSity,LNDFOR001,LND001,2033,9304
CLEWSity,LNDFOR001,LND001,2034,9208.094881
CLEWSity,LNDFOR001,LND001,2035,9129
CLEWSity,LNDFOR001,LND001,2036,9121
CLEWSity,LNDFOR001,LND001,2037,9112
CLEWSity,LNDFOR001,LND001,2038,9103
CLEWSity,LNDFOR001,LND001,2039,9094
CLEWSity,LNDFOR001,LND001,2040,9085
CLEWSity,LNDFOR001,LND001,2041,9076
CLEWSity,LNDFOR001,LND001,2042,9066
CLEWSity,LNDFOR001,LND001,2043,9057
CLEWSity,LNDFOR001,LND001,2044,9048
CLEWSity,LNDFOR001,LND001,2045,9038
CLEWSity,LNDFOR001,LND001,2046,9029
CLEWSity,LNDFOR001,LND001,2047,9019
CLEWSity,LNDFOR001,LND001,2048,9009
CLEWSity,LNDFOR001,LND001,2049,8999
CLEWSity,LNDFOR001,LND001,2050,8989
CLEWSity,LNDFOR001,LND001,2051,8979
CLEWSity,LNDFOR001,LND001,2052,8969
CLEWSity,LNDFOR001,LND001,2053,8958
CLEWSity,LNDFOR001,LND001,2054,8948
CLEWSity,LNDFOR001,LND001,2055,8938
CLEWSity,LNDFOR001,WATEVT,2020,79.59
CLEWSity,LNDFOR001,WATEVT,2021,83.57708
CLEWSity,LNDFOR001,WATEVT,2022,87.74608
CLEWSity,LNDFOR001,WATEVT,2023,92.14248
CLEWSity,LNDFOR001,WATEVT,2024,96.73596
CLEWSity,LNDFOR001,WATEVT,2025,91.321
CLEWSity,LNDFOR001,WATEVT,2026,95.90068
CLEWSity,LNDFOR001,WATEVT,2027,100.68481
CLEWSity,LNDFOR001,WATEVT,2028,105.72791
CLEWSity,LNDFOR001,WATEVT,2029,111.00272
CLEWSity,LNDFOR001,WATEVT,2030,116.56376
CLEWSity,LNDFOR001,WATEVT,2031,122.38377
CLEWSity,LNDFOR001,WATEVT,2032,127.99933
CLEWSity,LNDFOR001,WATEVT,2033,126.81352
CLEWSity,LNDFOR001,WATEVT,2034,125.5063332
CLEWSity,LNDFOR001,WATEVT,2035,124.42827
CLEWSity,LNDFOR001,WATEVT,2036,124.31923
CLEWSity,LNDFOR001,WATEVT,2037,124.19656
CLEWSity,LNDFOR001,WATEVT,2038,124.07389
CLEWSity,LNDFOR001,WATEVT,2039,123.95122
CLEWSity,LNDFOR001,WATEVT,2040,112.01805
CLEWSity,LNDFOR001,WATEVT,2041,111.90708
CLEWSity,LNDFOR001,WATEVT,2042,111.78378
CLEWSity,LNDFOR001,WATEVT,2043,111.67281
CLEWSity,LNDFOR001,WATEVT,2044,111.56184
CLEWSity,LNDFOR001,WATEVT,2045,111.43854
CLEWSity,LNDFOR001,WATEVT,2046,111.32757
CLEWSity,LNDFOR001,WATEVT,2047,111.20427
CLEWSity,LNDFOR001,WATEVT,2048,111.08097
CLEWSity,LNDFOR001,WATEVT,2049,110.95767
CLEWSity,LNDFOR001,WATEVT,2050,110.83437
CLEWSity,LNDFOR001,WATEVT,2051,110.71107
CLEWSity,LNDFOR001,WATEVT,2052,110.58777
CLEWSity,LNDFOR001,WATEVT,2053,110.45214
CLEWSity,LNDFOR001,WATEVT,2054,110.32884
CLEWSity,LNDFOR001,WATEVT,2055,110.20554
CLEWSity,LNDFOR001,WATGRD,2020,3.255
CLEWSity,LNDFOR001,WATGRD,2021,3.41806
CLEWSity,LNDFOR001,WATGRD,2022,3.58856
CLEWSity,LNDFOR001,WATGRD,2023,3.76836
CLEWSity,LNDFOR001,WATGRD,2024,3.95622
CLEWSity,LNDFOR001,WATGRD,2025,3.685
CLEWSity,LNDFOR001,WATGRD,2026,3.8698
CLEWSity,LNDFOR001,WATGRD,2027,4.06285
CLEWSity,LNDFOR001,WATGRD,2028,4.26635
CLEWSity,LNDFOR001,WATGRD,2029,4.4792
CLEWSity,LNDFOR001,WATGRD,2030,4.7036
CLEWSity,LNDFOR001,WATGRD,2031,4.93845
CLEWSity,LNDFOR001,WATGRD,2032,5.16505
CLEWSity,LNDFOR001,WATGRD,2033,5.1172
CLEWSity,LNDFOR001,WATGRD,2034,5.064452185
CLEWSity,LNDFOR001,WATGRD,2035,5.02095
CLEWSity,LNDFOR001,WATGRD,2036,5.01655
CLEWSity,LNDFOR001,WATGRD,2037,5.0116
CLEWSity,LNDFOR001,WATGRD,2038,5.00665
CLEWSity,LNDFOR001,WATGRD,2039,5.0017
CLEWSity,LNDFOR001,WATGRD,2040,4.5425
CLEWSity,LNDFOR001,WATGRD,2041,4.538
CLEWSity,LNDFOR001,WATGRD,2042,4.533
CLEWSity,LNDFOR001,WATGRD,2043,4.5285
CLEWSity,LNDFOR001,WATGRD,2044,4.524
CLEWSity,LNDFOR001,WATGRD,2045,4.519
CLEWSity,LNDFOR001,WATGRD,2046,4.5145
CLEWSity,LNDFOR001,WATGRD,2047,4.5095
CLEWSity,LNDFOR001,WATGRD,2048,4.5045
CLEWSity,LNDFOR001,WATGRD,2049,4.4995
CLEWSity,LNDFOR001,WATGRD,2050,4.4945
CLEWSity,LNDFOR001,WATGRD,2051,4.4895
CLEWSity,LNDFOR001,WATGRD,2052,4.4845
CLEWSity,LNDFOR001,WATGRD,2053,4.479
CLEWSity,LNDFOR001,WATGRD,2054,4.474
CLEWSity,LNDFOR001,WATGRD,2055,4.469
CLEWSity,LNDFOR001,WATSUR,2020,36.5925
CLEWSity,LNDFOR001,WATSUR,2021,38.42561
CLEWSity,LNDFOR001,WATSUR,2022,40.34236
CLEWSity,LNDFOR001,WATSUR,2023,42.36366
CLEWSity,LNDFOR001,WATSUR,2024,44.47557
CLEWSity,LNDFOR001,WATSUR,2025,42.009
CLEWSity,LNDFOR001,WATSUR,2026,44.11572
CLEWSity,LNDFOR001,WATSUR,2027,46.31649
CLEWSity,LNDFOR001,WATSUR,2028,48.63639
CLEWSity,LNDFOR001,WATSUR,2029,51.06288
CLEWSity,LNDFOR001,WATSUR,2030,53.62104
CLEWSity,LNDFOR001,WATSUR,2031,56.29833
CLEWSity,LNDFOR001,WATSUR,2032,58.88157
CLEWSity,LNDFOR001,WATSUR,2033,58.33608
CLEWSity,LNDFOR001,WATSUR,2034,57.7347549
CLEWSity,LNDFOR001,WATSUR,2035,57.23883
CLEWSity,LNDFOR001,WATSUR,2036,57.18867
CLEWSity,LNDFOR001,WATSUR,2037,57.13224
CLEWSity,LNDFOR001,WATSUR,2038,57.07581
CLEWSity,LNDFOR001,WATSUR,2039,57.01938
CLEWSity,LNDFOR001,WATSUR,2040,51.51195
CLEWSity,LNDFOR001,WATSUR,2041,51.46092
CLEWSity,LNDFOR001,WATSUR,2042,51.40422
CLEWSity,LNDFOR001,WATSUR,2043,51.35319
CLEWSity,LNDFOR001,WATSUR,2044,51.30216
CLEWSity,LNDFOR001,WATSUR,2045,51.24546
CLEWSity,LNDFOR001,WATSUR,2046,51.19443
CLEWSity,LNDFOR001,WATSUR,2047,51.13773
CLEWSity,LNDFOR001,WATSUR,2048,51.08103
CLEWSity,LNDFOR001,WATSUR,2049,51.02433
CLEWSity,LNDFOR001,WATSUR,2050,50.96763
CLEWSity,LNDFOR001,WATSUR,2051,50.91093
CLEWSity,LNDFOR001,WATSUR,2052,50.85423
CLEWSity,LNDFOR001,WATSUR,2053,50.79186
CLEWSity,LNDFOR001,WATSUR,2054,50.73516
CLEWSity,LNDFOR001,WATSUR,2055,50.67846
CLEWSity,LNDOTH001,LND001,2020,5207.493047
CLEWSity,LNDOTH001,LND001,2021,4888.226294
CLEWSity,LNDOTH001,LND001,2022,4533.723081
CLEWSity,LNDOTH001,LND001,2023,4163.131693
CLEWSity,LNDOTH001,LND001,2024,3780.645606
CLEWSity,LNDOTH001,LND001,2025,3357.085816
CLEWSity,LNDOTH001,LND001,2026,2940.583007
CLEWSity,LNDOTH001,LND001,2027,2508.989044
CLEWSity,LNDOTH001,LND001,2028,2034.594349
CLEWSity,LNDOTH001,LND001,2029,1566.945622
CLEWSity,LNDOTH001,LND001,2030,1054.533295
CLEWSity,LNDOTH001,LND001,2031,521.1622884
CLEWSity,LNDOTH001,LND001,2032,27.81912317
CLEWSity,LNDOTH001,LND001,2033,8.402581432
CLEWSity,LNDOTH001,WATEVT,2020,73.06112745
CLEWSity,LNDOTH001,WATEVT,2021,68.5818149
CLEWSity,LNDOTH001,WATEVT,2022,63.60813483
CLEWSity,LNDOTH001,WATEVT,2023,58.40873766
CLEWSity,LNDOTH001,WATEVT,2024,53.04245785
CLEWSity,LNDOTH001,WATEVT,2025,42.33285214
CLEWSity,LNDOTH001,WATEVT,2026,37.08075172
CLEWSity,LNDOTH001,WATEVT,2027,31.63835185
CLEWSity,LNDOTH001,WATEVT,2028,25.65623475
CLEWSity,LNDOTH001,WATEVT,2029,19.75918429
CLEWSity,LNDOTH001,WATEVT,2030,13.29766485
CLEWSity,LNDOTH001,WATEVT,2031,6.571856456
CLEWSity,LNDOTH001,WATEVT,2032,0.350799143
CLEWSity,LNDOTH001,WATEVT,2033,0.105956552
CLEWSity,LNDOTH001,WATGRD,2020,3.957694716
CLEWSity,LNDOTH001,WATGRD,2021,3.715051983
CLEWSity,LNDOTH001,WATGRD,2022,3.445629542
CLEWSity,LNDOTH001,WATGRD,2023,3.163980087
CLEWSity,LNDOTH001,WATGRD,2024,2.87329066
CLEWSity,LNDOTH001,WATGRD,2025,2.282818355
CLEWSity,LNDOTH001,WATGRD,2026,1.999596445
CLEWSity,LNDOTH001,WATGRD,2027,1.70611255
CLEWSity,LNDOTH001,WATGRD,2028,1.383524158
CLEWSity,LNDOTH001,WATGRD,2029,1.065523023
CLEWSity,LNDOTH001,WATGRD,2030,0.717082641
CLEWSity,LNDOTH001,WATGRD,2031,0.354390356
CLEWSity,LNDOTH001,WATGRD,2032,0.018917004
CLEWSity,LNDOTH001,WATGRD,2033,0.005713755
CLEWSity,LNDOTH001,WATSUR,2020,41.45164466
CLEWSity,LNDOTH001,WATSUR,2021,38.9102813
CLEWSity,LNDOTH001,WATSUR,2022,36.08843573
CLEWSity,LNDOTH001,WATSUR,2023,33.13852828
CLEWSity,LNDOTH001,WATSUR,2024,30.09393902
CLEWSity,LNDOTH001,WATSUR,2025,24.03673444
CLEWSity,LNDOTH001,WATSUR,2026,21.05457433
CLEWSity,LNDOTH001,WATSUR,2027,17.96436156
CLEWSity,LNDOTH001,WATSUR,2028,14.56769554
CLEWSity,LNDOTH001,WATSUR,2029,11.21933065
CLEWSity,LNDOTH001,WATSUR,2030,7.550458392
CLEWSity,LNDOTH001,WATSUR,2031,3.731521985
CLEWSity,LNDOTH001,WATSUR,2032,0.199184922
CLEWSity,LNDOTH001,WATSUR,2033,0.060162483
CLEWSity,MINGAS001,GAS,2020,75.89542573
CLEWSity,MINGAS001,GAS,2021,78.14013275
CLEWSity,MINGAS001,GAS,2022,86.07802137
CLEWSity,MINGAS001,GAS,2023,94.30511564
CLEWSity,MINGAS001,GAS,2024,101.1551601
CLEWSity,MINGAS001,GAS,2025,111.8016017
CLEWSity,MINGAS001,GAS,2026,127.044998
CLEWSity,MINGAS001,GAS,2027,130.4379283
CLEWSity,MINGAS001,GAS,2028,136.5752936
CLEWSity,MINGAS001,GAS,2029,139.7856171
CLEWSity,MINGAS001,GAS,2030,140.2822407
CLEWSity,MINGAS001,GAS,2031,147.9997572
CLEWSity,MINGAS001,GAS,2032,154.6575157
CLEWSity,MINGAS001,GAS,2033,161.2767924
CLEWSity,MINGAS001,GAS,2034,168.7189297
CLEWSity,MINGAS001,GAS,2035,178.719992
CLEWSity,MINGAS001,GAS,2036,186.8886942
CLEWSity,MINGAS001,GAS,2037,194.8968656
CLEWSity,MINGAS001,GAS,2038,200
CLEWSity,MINGAS001,GAS,2039,200
CLEWSity,MINGAS001,GAS,2040,200
CLEWSity,MINGAS001,GAS,2041,200
CLEWSity,MINGAS001,GAS,2042,200
CLEWSity,MINGAS001,GAS,2043,200
CLEWSity,MINGAS001,GAS,2044,200
CLEWSity,MINGAS001,GAS,2045,200
CLEWSity,MINGAS001,GAS,2046,200
CLEWSity,MINGAS001,GAS,2047,200
CLEWSity,MINGAS001,GAS,2048,200
CLEWSity,MINGAS001,GAS,2049,200
CLEWSity,MINGAS001,GAS,2050,200
CLEWSity,MINGAS001,GAS,2051,200
CLEWSity,MINGAS001,GAS,2052,200
CLEWSity,MINGAS001,GAS,2053,200
CLEWSity,MINGAS001,GAS,2054,200
CLEWSity,MINGAS001,GAS,2055,200
CLEWSity,MINHYD001,HYD,2020,28.3824
CLEWSity,MINHYD001,HYD,2021,28.3824
CLEWSity,MINHYD001,HYD,2022,28.3824
CLEWSity,MINHYD001,HYD,2023,28.3824
CLEWSity,MINHYD001,HYD,2024,28.3824
CLEWSity,MINHYD001,HYD,2025,27.43632
CLEWSity,MINHYD001,HYD,2026,27.43632
CLEWSity,MINHYD001,HYD,2027,30.86586
CLEWSity,MINHYD001,HYD,2028,30.86586
CLEWSity,MINHYD001,HYD,2029,34.2954
CLEWSity,MINHYD001,HYD,2030,37.72494
CLEWSity,MINHYD001,HYD,2031,41.15448
CLEWSity,MINHYD001,HYD,2032,44.58402
CLEWSity,MINHYD001,HYD,2033,48.01356
CLEWSity,MINHYD001,HYD,2034,51.4431
CLEWSity,MINHYD001,HYD,2035,54.87264
CLEWSity,MINHYD001,HYD,2036,58.30218
CLEWSity,MINHYD001,HYD,2037,61.73172
CLEWSity,MINHYD001,HYD,2038,65.16126
CLEWSity,MINHYD001,HYD,2039,68.5908
CLEWSity,MINHYD001,HYD,2040,69.53688
CLEWSity,MINHYD001,HYD,2041,72.84816
CLEWSity,MINHYD001,HYD,2042,76.15944
CLEWSity,MINHYD001,HYD,2043,79.47072
CLEWSity,MINHYD001,HYD,2044,79.47072
CLEWSity,MINHYD001,HYD,2045,79.47072
CLEWSity,MINHYD001,HYD,2046,79.47072
CLEWSity,MINHYD001,HYD,2047,79.47072
CLEWSity,MINHYD001,HYD,2048,79.47072
CLEWSity,MINHYD001,HYD,2049,79.47072
CLEWSity,MINHYD001,HYD,2050,79.47072
CLEWSity,MINHYD001,HYD,2051,79.47072
CLEWSity,MINHYD001,HYD,2052,79.47072
CLEWSity,MINHYD001,HYD,2053,79.47072
CLEWSity,MINHYD001,HYD,2054,79.47072
CLEWSity,MINHYD001,HYD,2055,79.47072
CLEWSity,MINLND001,LND,2020,15000
CLEWSity,MINLND001,LND,2021,15000
CLEWSity,MINLND001,LND,2022,15000
CLEWSity,MINLND001,LND,2023,15000
CLEWSity,MINLND001,LND,2024,15000
CLEWSity,MINLND001,LND,2025,15000
CLEWSity,MINLND001,LND,2026,15000
CLEWSity,MINLND001,LND,2027,15000
CLEWSity,MINLND001,LND,2028,15000
CLEWSity,MINLND001,LND,2029,15000
CLEWSity,MINLND001,LND,2030,15000
CLEWSity,MINLND001,LND,2031,15000
CLEWSity,MINLND001,LND,2032,15000
CLEWSity,MINLND001,LND,2033,15000
CLEWSity,MINLND001,LND,2034,15000
CLEWSity,MINLND001,LND,2035,15000
CLEWSity,MINLND001,LND,2036,15000
CLEWSity,MINLND001,LND,2037,15000
CLEWSity,MINLND001,LND,2038,15000
CLEWSity,MINLND001,LND,2039,15000
CLEWSity,MINLND001,LND,2040,15000
CLEWSity,MINLND001,LND,2041,15000
CLEWSity,MINLND001,LND,2042,15000
CLEWSity,MINLND001,LND,2043,15000
CLEWSity,MINLND001,LND,2044,15000
CLEWSity,MINLND001,LND,2045,15000
CLEWSity,MINLND001,LND,2046,15000
CLEWSity,MINLND001,LND,2047,15000
CLEWSity,MINLND001,LND,2048,15000
CLEWSity,MINLND001,LND,2049,15000
CLEWSity,MINLND001,LND,2050,15000
CLEWSity,MINLND001,LND,2051,15000
CLEWSity,MINLND001,LND,2052,15000
CLEWSity,MINLND001,LND,2053,15000
CLEWSity,MINLND001,LND,2054,15000
CLEWSity,MINLND001,LND,2055,15000
CLEWSity,MINPRC001,WATPRC,2020,341.25
CLEWSity,MINPRC001,WATPRC,2021,341.25
CLEWSity,MINPRC001,WATPRC,2022,341.25
CLEWSity,MINPRC001,WATPRC,2023,341.25
CLEWSity,MINPRC001,WATPRC,2024,341.25
CLEWSity,MINPRC001,WATPRC,2025,306.75
CLEWSity,MINPRC001,WATPRC,2026,306.75
CLEWSity,MINPRC001,WATPRC,2027,306.75
CLEWSity,MINPRC001,WATPRC,2028,306.75
CLEWSity,MINPRC001,WATPRC,2029,306.75
CLEWSity,MINPRC001,WATPRC,2030,306.75
CLEWSity,MINPRC001,WATPRC,2031,306.75
CLEWSity,MINPRC001,WATPRC,2032,306.75
CLEWSity,MINPRC001,WATPRC,2033,306.75
CLEWSity,MINPRC001,WATPRC,2034,306.75
CLEWSity,MINPRC001,WATPRC,2035,306.75
CLEWSity,MINPRC001,WATPRC,2036,306.75
CLEWSity,MINPRC001,WATPRC,2037,306.75
CLEWSity,MINPRC001,WATPRC,2038,306.75
CLEWSity,MINPRC001,WATPRC,2039,306.75
CLEWSity,MINPRC001,WATPRC,2040,277.5
CLEWSity,MINPRC001,WATPRC,2041,277.5
CLEWSity,MINPRC001,WATPRC,2042,277.5
CLEWSity,MINPRC001,WATPRC,2043,277.5
CLEWSity,MINPRC001,WATPRC,2044,277.5
CLEWSity,MINPRC001,WATPRC,2045,277.5
CLEWSity,MINPRC001,WATPRC,2046,277.5
CLEWSity,MINPRC001,WATPRC,2047,277.5
CLEWSity,MINPRC001,WATPRC,2048,277.5
CLEWSity,MINPRC001,WATPRC,2049,277.5
CLEWSity,MINPRC001,WATPRC,2050,277.5
CLEWSity,MINPRC001,WATPRC,2051,277.5
CLEWSity,MINPRC001,WATPRC,2052,277.5
CLEWSity,MINPRC001,WATPRC,2053,277.5
CLEWSity,MINPRC001,WATPRC,2054,277.5
CLEWSity,MINPRC001,WATPRC,2055,277.5
CLEWSity,MINSOL001,SOL,2020,0.49275
CLEWSity,MINSOL001,SOL,2021,0.49275
CLEWSity,MINSOL001,SOL,2022,0.49275
CLEWSity,MINSOL001,SOL,2023,0.49275
CLEWSity,MINSOL001,SOL,2024,0.49275
CLEWSity,MINSOL001,SOL,2025,0.49275
CLEWSity,MINSOL001,SOL,2026,0.9855
CLEWSity,MINSOL001,SOL,2027,1.47825
CLEWSity,MINSOL001,SOL,2028,1.971
CLEWSity,MINSOL001,SOL,2029,2.46375
CLEWSity,MINSOL001,SOL,2030,3.067119084
CLEWSity,MINSOL001,SOL,2031,3.44925
CLEWSity,MINSOL001,SOL,2032,3.942
CLEWSity,MINSOL001,SOL,2033,4.43475
CLEWSity,MINSOL001,SOL,2034,4.9275
CLEWSity,MINSOL001,SOL,2035,5.173875
CLEWSity,MINSOL001,SOL,2036,5.666625
CLEWSity,MINSOL001,SOL,2037,6.159375
CLEWSity,MINSOL001,SOL,2038,8.043539355
CLEWSity,MINSOL001,SOL,2039,12.75044587
CLEWSity,MINSOL001,SOL,2040,12.62963879
CLEWSity,MINSOL001,SOL,2041,17.46622231
CLEWSity,MINSOL001,SOL,2042,22.34537021
CLEWSity,MINSOL001,SOL,2043,23.701275
CLEWSity,MINSOL001,SOL,2044,24.982425
CLEWSity,MINSOL001,SOL,2045,26.263575
CLEWSity,MINSOL001,SOL,2046,27.544725
CLEWSity,MINSOL001,SOL,2047,28.825875
CLEWSity,MINSOL001,SOL,2048,30.107025
CLEWSity,MINSOL001,SOL,2049,31.388175
CLEWSity,MINSOL001,SOL,2050,32.669325
CLEWSity,MINSOL001,SOL,2051,32.669325
CLEWSity,MINSOL001,SOL,2052,32.669325
CLEWSity,MINSOL001,SOL,2053,32.669325
CLEWSity,MINSOL001,SOL,2054,32.669325
CLEWSity,MINSOL001,SOL,2055,32.669325
CLEWSity,MINWND001,WND,2020,0.49275
CLEWSity,MINWND001,WND,2021,0.49275
CLEWSity,MINWND001,WND,2022,0.49275
CLEWSity,MINWND001,WND,2023,0.49275
CLEWSity,MINWND001,WND,2024,0.49275
CLEWSity,MINWND001,WND,2025,0.49275
CLEWSity,MINWND001,WND,2026,0.9855
CLEWSity,MINWND001,WND,2027,1.47825
CLEWSity,MINWND001,WND,2028,1.971
CLEWSity,MINWND001,WND,2029,2.46375
CLEWSity,MINWND001,WND,2030,2.9565
CLEWSity,MINWND001,WND,2031,3.44925
CLEWSity,MINWND001,WND,2032,3.942
CLEWSity,MINWND001,WND,2033,4.43475
CLEWSity,MINWND001,WND,2034,4.9275
CLEWSity,MINWND001,WND,2035,5.173875
CLEWSity,MINWND001,WND,2036,5.666625
CLEWSity,MINWND001,WND,2037,6.159375
CLEWSity,MINWND001,WND,2038,6.652125
CLEWSity,MINWND001,WND,2039,7.144875
CLEWSity,MINWND001,WND,2040,7.637625
CLEWSity,MINWND001,WND,2041,8.130375
CLEWSity,MINWND001,WND,2042,8.623125
CLEWSity,MINWND001,WND,2043,13.53287425
CLEWSity,MINWND001,WND,2044,19.94841789
CLEWSity,MINWND001,WND,2045,26.93259761
CLEWSity,MINWND001,WND,2046,31.782375
CLEWSity,MINWND001,WND,2047,44.3475
CLEWSity,MINWND001,WND,2048,40.02806363
CLEWSity,MINWND001,WND,2049,48.2895
CLEWSity,MINWND001,WND,2050,50.2605
CLEWSity,MINWND001,WND,2051,50.2605
CLEWSity,MINWND001,WND,2052,50.2605
CLEWSity,MINWND001,WND,2053,50.2605
CLEWSity,MINWND001,WND,2054,50.2605
CLEWSity,MINWND001,WND,2055,50.2605
CLEWSity,PRCBAG001,BAG,2020,18.921911
CLEWSity,PRCBAG001,BAG,2021,27.750041
CLEWSity,PRCBAG001,BAG,2022,28.424293
CLEWSity,PRCBAG001,BAG,2023,29.101402
CLEWSity,PRCBAG001,BAG,2024,29.778511
CLEWSity,PRCBAG001,BAG,2025,30.45562
CLEWSity,PRCBAG001,BAG,2026,31.132729
CLEWSity,PRCBAG001,BAG,2027,31.809838
CLEWSity,PRCBAG001,BAG,2028,32.486947
CLEWSity,PRCBAG001,BAG,2029,33.164056
CLEWSity,PRCBAG001,BAG,2030,33.841165
CLEWSity,PRCBAG001,BAG,2031,34.686837
CLEWSity,PRCBAG001,BAG,2032,35.532509
CLEWSity,PRCBAG001,BAG,2033,36.378181
CLEWSity,PRCBAG001,BAG,2034,37.223853
CLEWSity,PRCBAG001,BAG,2035,38.069525
CLEWSity,PRCBAG001,BAG,2036,38.915197
CLEWSity,PRCBAG001,BAG,2037,39.760869
CLEWSity,PRCBAG001,BAG,2038,40.609398
CLEWSity,PRCBAG001,BAG,2039,41.45507
CLEWSity,PRCBAG001,BAG,2040,42.300742
CLEWSity,PRCBAG001,BAG,2041,43.357832
CLEWSity,PRCBAG001,BAG,2042,44.414922
CLEWSity,PRCBAG001,BAG,2043,45.472012
CLEWSity,PRCBAG001,BAG,2044,46.529102
CLEWSity,PRCBAG001,BAG,2045,47.586192
CLEWSity,PRCBAG001,BAG,2046,48.646139
CLEWSity,PRCBAG001,BAG,2047,49.703229
CLEWSity,PRCBAG001,BAG,2048,50.760319
CLEWSity,PRCBAG001,BAG,2049,51.817409
CLEWSity,PRCBAG001,BAG,2050,52.874499
CLEWSity,PRCBAG001,BAG,2051,54.19729
CLEWSity,PRCBAG001,BAG,2052,55.520081
CLEWSity,PRCBAG001,BAG,2053,56.840015
CLEWSity,PRCBAG001,BAG,2054,58.162806
CLEWSity,PRCBAG001,BAG,2055,59.485597
CLEWSity,PRCCRP002,BYPCRP002,2020,1.692
CLEWSity,PRCCRP002,BYPCRP002,2021,1.734864
CLEWSity,PRCCRP002,BYPCRP002,2022,1.777728
CLEWSity,PRCCRP002,BYPCRP002,2023,1.818837625
CLEWSity,PRCCRP002,BYPCRP002,2024,1.8612
CLEWSity,PRCCRP002,BYPCRP002,2025,1.904064
CLEWSity,PRCCRP002,BYPCRP002,2026,1.946928
CLEWSity,PRCCRP002,BYPCRP002,2027,1.988114875
CLEWSity,PRCCRP002,BYPCRP002,2028,2.030434188
CLEWSity,PRCCRP002,BYPCRP002,2029,2.073264
CLEWSity,PRCCRP002,BYPCRP002,2030,2.116128
CLEWSity,PRCCRP002,BYPCRP002,2031,2.168016
CLEWSity,PRCCRP002,BYPCRP002,2032,2.220781813
CLEWSity,PRCCRP002,BYPCRP002,2033,2.274048
CLEWSity,PRCCRP002,BYPCRP002,2034,2.326490813
CLEWSity,PRCCRP002,BYPCRP002,2035,2.38008
CLEWSity,PRCCRP002,BYPCRP002,2036,2.432199813
CLEWSity,PRCCRP002,BYPCRP002,2037,2.486112
CLEWSity,PRCCRP002,BYPCRP002,2038,2.538087375
CLEWSity,PRCCRP002,BYPCRP002,2039,2.590941875
CLEWSity,PRCCRP002,BYPCRP002,2040,2.644032
CLEWSity,PRCCRP002,BYPCRP002,2041,2.7098645
CLEWSity,PRCCRP002,BYPCRP002,2042,2.775932625
CLEWSity,PRCCRP002,BYPCRP002,2043,2.84256
CLEWSity,PRCCRP002,BYPCRP002,2044,2.908068875
CLEWSity,PRCCRP002,BYPCRP002,2045,2.974137
CLEWSity,PRCCRP002,BYPCRP002,2046,3.041088
CLEWSity,PRCCRP002,BYPCRP002,2047,3.106512
CLEWSity,PRCCRP002,BYPCRP002,2048,3.172519938
CLEWSity,PRCCRP002,BYPCRP002,2049,3.239616
CLEWSity,PRCCRP002,BYPCRP002,2050,3.30504
CLEWSity,PRCCRP002,BYPCRP002,2051,3.387330625
CLEWSity,PRCCRP002,BYPCRP002,2052,3.470005063
CLEWSity,PRCCRP002,BYPCRP002,2053,3.5532
CLEWSity,PRCCRP002,BYPCRP002,2054,3.635175375
CLEWSity,PRCCRP002,BYPCRP002,2055,3.717888
CLEWSity,PRCCRP002,PRDCRP002,2020,0.75
CLEWSity,PRCCRP002,PRDCRP002,2021,0.769
CLEWSity,PRCCRP002,PRDCRP002,2022,0.788
CLEWSity,PRCCRP002,PRDCRP002,2023,0.806222352
CLEWSity,PRCCRP002,PRDCRP002,2024,0.825
CLEWSity,PRCCRP002,PRDCRP002,2025,0.844
CLEWSity,PRCCRP002,PRDCRP002,2026,0.863
CLEWSity,PRCCRP002,PRDCRP002,2027,0.881256594
CLEWSity,PRCCRP002,PRDCRP002,2028,0.900015154
CLEWSity,PRCCRP002,PRDCRP002,2029,0.919
CLEWSity,PRCCRP002,PRDCRP002,2030,0.938
CLEWSity,PRCCRP002,PRDCRP002,2031,0.961
CLEWSity,PRCCRP002,PRDCRP002,2032,0.984389101
CLEWSity,PRCCRP002,PRDCRP002,2033,1.008
CLEWSity,PRCCRP002,PRDCRP002,2034,1.031245928
CLEWSity,PRCCRP002,PRDCRP002,2035,1.055
CLEWSity,PRCCRP002,PRDCRP002,2036,1.078102754
CLEWSity,PRCCRP002,PRDCRP002,2037,1.102
CLEWSity,PRCCRP002,PRDCRP002,2038,1.12503873
CLEWSity,PRCCRP002,PRDCRP002,2039,1.148467143
CLEWSity,PRCCRP002,PRDCRP002,2040,1.172
CLEWSity,PRCCRP002,PRDCRP002,2041,1.201181073
CLEWSity,PRCCRP002,PRDCRP002,2042,1.230466589
CLEWSity,PRCCRP002,PRDCRP002,2043,1.26
CLEWSity,PRCCRP002,PRDCRP002,2044,1.289037622
CLEWSity,PRCCRP002,PRDCRP002,2045,1.318323138
CLEWSity,PRCCRP002,PRDCRP002,2046,1.348
CLEWSity,PRCCRP002,PRDCRP002,2047,1.377
CLEWSity,PRCCRP002,PRDCRP002,2048,1.406258838
CLEWSity,PRCCRP002,PRDCRP002,2049,1.436
CLEWSity,PRCCRP002,PRDCRP002,2050,1.465
CLEWSity,PRCCRP002,PRDCRP002,2051,1.501476341
CLEWSity,PRCCRP002,PRDCRP002,2052,1.538122811
CLEWSity,PRCCRP002,PRDCRP002,2053,1.575
CLEWSity,PRCCRP002,PRDCRP002,2054,1.611336602
CLEWSity,PRCCRP002,PRDCRP002,2055,1.648
CLEWSity,PRCCTL001,BEF,2020,0.15
CLEWSity,PRCCTL001,BEF,2021,0.153
CLEWSity,PRCCTL001,BEF,2022,0.156
CLEWSity,PRCCTL001,BEF,2023,0.159
CLEWSity,PRCCTL001,BEF,2024,0.162
CLEWSity,PRCCTL001,BEF,2025,0.166
CLEWSity,PRCCTL001,BEF,2026,0.169
CLEWSity,PRCCTL001,BEF,2027,0.172
CLEWSity,PRCCTL001,BEF,2028,0.176
CLEWSity,PRCCTL001,BEF,2029,0.179
CLEWSity,PRCCTL001,BEF,2030,0.183
CLEWSity,PRCCTL001,BEF,2031,0.187
CLEWSity,PRCCTL001,BEF,2032,0.19
CLEWSity,PRCCTL001,BEF,2033,0.194
CLEWSity,PRCCTL001,BEF,2034,0.198
CLEWSity,PRCCTL001,BEF,2035,0.202
CLEWSity,PRCCTL001,BEF,2036,0.206
CLEWSity,PRCCTL001,BEF,2037,0.21
CLEWSity,PRCCTL001,BEF,2038,0.214
CLEWSity,PRCCTL001,BEF,2039,0.219
CLEWSity,PRCCTL001,BEF,2040,0.223
CLEWSity,PRCCTL001,BEF,2041,0.227
CLEWSity,PRCCTL001,BEF,2042,0.232
CLEWSity,PRCCTL001,BEF,2043,0.237
CLEWSity,PRCCTL001,BEF,2044,0.241
CLEWSity,PRCCTL001,BEF,2045,0.246
CLEWSity,PRCCTL001,BEF,2046,0.251
CLEWSity,PRCCTL001,BEF,2047,0.256
CLEWSity,PRCCTL001,BEF,2048,0.261
CLEWSity,PRCCTL001,BEF,2049,0.266
CLEWSity,PRCCTL001,BEF,2050,0.272
CLEWSity,PRCCTL001,BEF,2051,0.277
CLEWSity,PRCCTL001,BEF,2052,0.283
CLEWSity,PRCCTL001,BEF,2053,0.288
CLEWSity,PRCCTL001,BEF,2054,0.294
CLEWSity,PRCCTL001,BEF,2055,0.3
CLEWSity,PWRBIO001,ELC001,2020,6.623
CLEWSity,PWRBIO001,ELC001,2021,9.713
CLEWSity,PWRBIO001,ELC001,2022,9.949
CLEWSity,PWRBIO001,ELC001,2023,10.186
CLEWSity,PWRBIO001,ELC001,2024,10.423
CLEWSity,PWRBIO001,ELC001,2025,10.66
CLEWSity,PWRBIO001,ELC001,2026,10.897
CLEWSity,PWRBIO001,ELC001,2027,11.134
CLEWSity,PWRBIO001,ELC001,2028,11.371
CLEWSity,PWRBIO001,ELC001,2029,11.608
CLEWSity,PWRBIO001,ELC001,2030,11.845
CLEWSity,PWRBIO001,ELC001,2031,12.141
CLEWSity,PWRBIO001,ELC001,2032,12.437
CLEWSity,PWRBIO001,ELC001,2033,12.733
CLEWSity,PWRBIO001,ELC001,2034,13.029
CLEWSity,PWRBIO001,ELC001,2035,13.325
CLEWSity,PWRBIO001,ELC001,2036,13.621
CLEWSity,PWRBIO001,ELC001,2037,13.917
CLEWSity,PWRBIO001,ELC001,2038,14.214
CLEWSity,PWRBIO001,ELC001,2039,14.51
CLEWSity,PWRBIO001,ELC001,2040,14.806
CLEWSity,PWRBIO001,ELC001,2041,15.176
CLEWSity,PWRBIO001,ELC001,2042,15.546
CLEWSity,PWRBIO001,ELC001,2043,15.916
CLEWSity,PWRBIO001,ELC001,2044,16.286
CLEWSity,PWRBIO001,ELC001,2045,16.656
CLEWSity,PWRBIO001,ELC001,2046,17.027
CLEWSity,PWRBIO001,ELC001,2047,17.397
CLEWSity,PWRBIO001,ELC001,2048,17.767
CLEWSity,PWRBIO001,ELC001,2049,18.137
CLEWSity,PWRBIO001,ELC001,2050,18.507
CLEWSity,PWRBIO001,ELC001,2051,18.97
CLEWSity,PWRBIO001,ELC001,2052,19.433
CLEWSity,PWRBIO001,ELC001,2053,19.895
CLEWSity,PWRBIO001,ELC001,2054,20.358
CLEWSity,PWRBIO001,ELC001,2055,20.821
CLEWSity,PWRDSL001,ELC001,2020,0.992941205
CLEWSity,PWRDSL001,ELC001,2021,2.096978317
CLEWSity,PWRDSL001,ELC001,2022,3.684223013
CLEWSity,PWRDSL001,ELC001,2023,5.129301788
CLEWSity,PWRDSL001,ELC001,2024,6.178087824
CLEWSity,PWRDSL001,ELC001,2025,8.014944544
CLEWSity,PWRDSL001,ELC001,2026,6.093248577
CLEWSity,PWRDSL001,ELC001,2027,5.534870445
CLEWSity,PWRDSL001,ELC001,2028,7.044131792
CLEWSity,PWRDSL001,ELC001,2029,7.697271515
CLEWSity,PWRDSL001,ELC001,2030,9.636347823
CLEWSity,PWRDSL001,ELC001,2031,8.071155872
CLEWSity,PWRDSL001,ELC001,2032,7.003587975
CLEWSity,PWRDSL001,ELC001,2033,5.914698198
CLEWSity,PWRDSL001,ELC001,2034,5.562826456
CLEWSity,PWRDSL001,ELC001,2035,4.482757579
CLEWSity,PWRDSL001,ELC001,2036,3.708634316
CLEWSity,PWRDSL001,ELC001,2037,2.938746272
CLEWSity,PWRDSL001,ELC001,2038,2.193400377
CLEWSity,PWRDSL001,ELC001,2039,1.934102299
CLEWSity,PWRDSL001,ELC001,2040,9.204620259
CLEWSity,PWRDSL001,ELC001,2041,8.899405372
CLEWSity,PWRDSL001,ELC001,2042,8.521463756
CLEWSity,PWRDSL001,ELC001,2043,8.675095544
CLEWSity,PWRDSL001,ELC001,2044,9.74270097
CLEWSity,PWRDSL001,ELC001,2045,11.29327117
CLEWSity,PWRDSL001,ELC001,2046,21.43049912
CLEWSity,PWRDSL001,ELC001,2047,23.03477581
CLEWSity,PWRDSL001,ELC001,2048,25.17809714
CLEWSity,PWRDSL001,ELC001,2049,27.47475195
CLEWSity,PWRDSL001,ELC001,2050,34.31086276
CLEWSity,PWRDSL001,ELC001,2051,44.33771305
CLEWSity,PWRDSL001,ELC001,2052,55.35695747
CLEWSity,PWRDSL001,ELC001,2053,65.63237138
CLEWSity,PWRDSL001,ELC001,2054,76.26187518
CLEWSity,PWRDSL001,ELC001,2055,88.12425612
CLEWSity,PWRGAS001,ELC001,2020,38.10011332
CLEWSity,PWRGAS001,ELC001,2021,39.22697427
CLEWSity,PWRGAS001,ELC001,2022,43.21185812
CLEWSity,PWRGAS001,ELC001,2023,47.34192552
CLEWSity,PWRGAS001,ELC001,2024,50.78070285
CLEWSity,PWRGAS001,ELC001,2025,56.12530205
CLEWSity,PWRGAS001,ELC001,2026,63.77760943
CLEWSity,PWRGAS001,ELC001,2027,65.4808877
CLEWSity,PWRGAS001,ELC001,2028,68.56189437
CLEWSity,PWRGAS001,ELC001,2029,70.17350255
CLEWSity,PWRGAS001,ELC001,2030,70.42281158
CLEWSity,PWRGAS001,ELC001,2031,74.29706689
CLEWSity,PWRGAS001,ELC001,2032,77.63931511
CLEWSity,PWRGAS001,ELC001,2033,80.9622452
CLEWSity,PWRGAS001,ELC001,2034,84.69825789
CLEWSity,PWRGAS001,ELC001,2035,89.71887147
CLEWSity,PWRGAS001,ELC001,2036,93.81962562
CLEWSity,PWRGAS001,ELC001,2037,97.83979195
CLEWSity,PWRGAS001,ELC001,2038,100.4016064
CLEWSity,PWRGAS001,ELC001,2039,100.4016064
CLEWSity,PWRGAS001,ELC001,2040,100.4016064
CLEWSity,PWRGAS001,ELC001,2041,100.4016064
CLEWSity,PWRGAS001,ELC001,2042,100.4016064
CLEWSity,PWRGAS001,ELC001,2043,100.4016064
CLEWSity,PWRGAS001,ELC001,2044,100.4016064
CLEWSity,PWRGAS001,ELC001,2045,100.4016064
CLEWSity,PWRGAS001,ELC001,2046,100.4016064
CLEWSity,PWRGAS001,ELC001,2047,100.4016064
CLEWSity,PWRGAS001,ELC001,2048,100.4016064
CLEWSity,PWRGAS001,ELC001,2049,100.4016064
CLEWSity,PWRGAS001,ELC001,2050,100.4016064
CLEWSity,PWRGAS001,ELC001,2051,100.4016064
CLEWSity,PWRGAS001,ELC001,2052,100.4016064
CLEWSity,PWRGAS001,ELC001,2053,100.4016064
CLEWSity,PWRGAS001,ELC001,2054,100.4016064
CLEWSity,PWRGAS001,ELC001,2055,100.4016064
CLEWSity,PWRHYD001,ELC001,2020,28.3824
CLEWSity,PWRHYD001,ELC001,2021,28.3824
CLEWSity,PWRHYD001,ELC001,2022,28.3824
CLEWSity,PWRHYD001,ELC001,2023,28.3824
CLEWSity,PWRHYD001,ELC001,2024,28.3824
CLEWSity,PWRHYD001,ELC001,2025,27.43632
CLEWSity,PWRHYD001,ELC001,2026,27.43632
CLEWSity,PWRHYD001,ELC001,2027,30.86586
CLEWSity,PWRHYD001,ELC001,2028,30.86586
CLEWSity,PWRHYD001,ELC001,2029,34.2954
CLEWSity,PWRHYD001,ELC001,2030,37.72494
CLEWSity,PWRHYD001,ELC001,2031,41.15448
CLEWSity,PWRHYD001,ELC001,2032,44.58402
CLEWSity,PWRHYD001,ELC001,2033,48.01356
CLEWSity,PWRHYD001,ELC001,2034,51.4431
CLEWSity,PWRHYD001,ELC001,2035,54.87264
CLEWSity,PWRHYD001,ELC001,2036,58.30218
CLEWSity,PWRHYD001,ELC001,2037,61.73172
CLEWSity,PWRHYD001,ELC001,2038,65.16126
CLEWSity,PWRHYD001,ELC001,2039,68.5908
CLEWSity,PWRHYD001,ELC001,2040,69.53688
CLEWSity,PWRHYD001,ELC001,2041,72.84816
CLEWSity,PWRHYD001,ELC001,2042,76.15944
CLEWSity,PWRHYD001,ELC001,2043,79.47072
CLEWSity,PWRHYD001,ELC001,2044,79.47072
CLEWSity,PWRHYD001,ELC001,2045,79.47072
CLEWSity,PWRHYD001,ELC001,2046,79.47072
CLEWSity,PWRHYD001,ELC001,2047,79.47072
CLEWSity,PWRHYD001,ELC001,2048,79.47072
CLEWSity,PWRHYD001,ELC001,2049,79.47072
CLEWSity,PWRHYD001,ELC001,2050,79.47072
CLEWSity,PWRHYD001,ELC001,2051,79.47072
CLEWSity,PWRHYD001,ELC001,2052,79.47072
CLEWSity,PWRHYD001,ELC001,2053,79.47072
CLEWSity,PWRHYD001,ELC001,2054,79.47072
CLEWSity,PWRHYD001,ELC001,2055,79.47072
CLEWSity,PWRSOL001,ELC002,2020,0.49275
CLEWSity,PWRSOL001,ELC002,2021,0.49275
CLEWSity,PWRSOL001,ELC002,2022,0.49275
CLEWSity,PWRSOL001,ELC002,2023,0.49275
CLEWSity,PWRSOL001,ELC002,2024,0.49275
CLEWSity,PWRSOL001,ELC002,2025,0.49275
CLEWSity,PWRSOL001,ELC002,2026,0.9855
CLEWSity,PWRSOL001,ELC002,2027,1.47825
CLEWSity,PWRSOL001,ELC002,2028,1.971
CLEWSity,PWRSOL001,ELC002,2029,2.46375
CLEWSity,PWRSOL001,ELC002,2030,3.067119084
CLEWSity,PWRSOL001,ELC002,2031,3.44925
CLEWSity,PWRSOL001,ELC002,2032,3.942
CLEWSity,PWRSOL001,ELC002,2033,4.43475
CLEWSity,PWRSOL001,ELC002,2034,4.9275
CLEWSity,PWRSOL001,ELC002,2035,5.173875
CLEWSity,PWRSOL001,ELC002,2036,5.666625
CLEWSity,PWRSOL001,ELC002,2037,6.159375
CLEWSity,PWRSOL001,ELC002,2038,8.043539355
CLEWSity,PWRSOL001,ELC002,2039,12.75044587
CLEWSity,PWRSOL001,ELC002,2040,12.62963879
CLEWSity,PWRSOL001,ELC002,2041,17.46622231
CLEWSity,PWRSOL001,ELC002,2042,22.34537021
CLEWSity,PWRSOL001,ELC002,2043,23.701275
CLEWSity,PWRSOL001,ELC002,2044,24.982425
CLEWSity,PWRSOL001,ELC002,2045,26.263575
CLEWSity,PWRSOL001,ELC002,2046,27.544725
CLEWSity,PWRSOL001,ELC002,2047,28.825875
CLEWSity,PWRSOL001,ELC002,2048,30.107025
CLEWSity,PWRSOL001,ELC002,2049,31.388175
CLEWSity,PWRSOL001,ELC002,2050,32.669325
CLEWSity,PWRSOL001,ELC002,2051,32.669325
CLEWSity,PWRSOL001,ELC002,2052,32.669325
CLEWSity,PWRSOL001,ELC002,2053,32.669325
CLEWSity,PWRSOL001,ELC002,2054,32.669325
CLEWSity,PWRSOL001,ELC002,2055,32.669325
CLEWSity,PWRTRN001,ELC002,2020,67.13208407
CLEWSity,PWRTRN001,ELC002,2021,71.92089233
CLEWSity,PWRTRN001,ELC002,2022,77.14820802
CLEWSity,PWRTRN001,ELC002,2023,82.37913958
CLEWSity,PWRTRN001,ELC002,2024,86.63124661
CLEWSity,PWRTRN001,ELC002,2025,92.45638493
CLEWSity,PWRTRN001,ELC002,2026,98.27071021
CLEWSity,PWRTRN001,ELC002,2027,103.0444813
CLEWSity,PWRTRN001,ELC002,2028,107.8324975
CLEWSity,PWRTRN001,ELC002,2029,113.6141317
CLEWSity,PWRTRN001,ELC002,2030,119.3270395
CLEWSity,PWRTRN001,ELC002,2031,125.2016575
CLEWSity,PWRTRN001,ELC002,2032,131.0453308
CLEWSity,PWRTRN001,ELC002,2033,136.8524281
CLEWSity,PWRTRN001,ELC002,2034,143.6946159
CLEWSity,PWRTRN001,ELC002,2035,150.8158296
CLEWSity,PWRTRN001,ELC002,2036,157.6062584
CLEWSity,PWRTRN001,ELC002,2037,164.3279699
CLEWSity,PWRTRN001,ELC002,2038,169.7601526
CLEWSity,PWRTRN001,ELC002,2039,173.3232454
CLEWSity,PWRTRN001,ELC002,2040,181.4280585
CLEWSity,PWRTRN001,ELC002,2041,184.9099921
CLEWSity,PWRTRN001,ELC002,2042,188.3264717
CLEWSity,PWRTRN001,ELC002,2043,196.1966666
CLEWSity,PWRTRN001,ELC002,2044,203.2645008
CLEWSity,PWRTRN001,ELC002,2045,211.2787757
CLEWSity,PWRTRN001,ELC002,2046,219.3543007
CLEWSity,PWRTRN001,ELC002,2047,227.4189961
CLEWSity,PWRTRN001,ELC002,2048,236.5609385
CLEWSity,PWRTRN001,ELC002,2049,245.5311568
CLEWSity,PWRTRN001,ELC002,2050,254.6556203
CLEWSity,PWRTRN001,ELC002,2051,264.0964855
CLEWSity,PWRTRN001,ELC002,2052,274.4305055
CLEWSity,PWRTRN001,ELC002,2053,284.094178
CLEWSity,PWRTRN001,ELC002,2054,294.0774314
CLEWSity,PWRTRN001,ELC002,2055,305.1702743
CLEWSity,PWRWND001,ELC001,2020,0.49275
CLEWSity,PWRWND001,ELC001,2021,0.49275
CLEWSity,PWRWND001,ELC001,2022,0.49275
CLEWSity,PWRWND001,ELC001,2023,0.49275
CLEWSity,PWRWND001,ELC001,2024,0.49275
CLEWSity,PWRWND001,ELC001,2025,0.49275
CLEWSity,PWRWND001,ELC001,2026,0.9855
CLEWSity,PWRWND001,ELC001,2027,1.47825
CLEWSity,PWRWND001,ELC001,2028,1.971
CLEWSity,PWRWND001,ELC001,2029,2.46375
CLEWSity,PWRWND001,ELC001,2030,2.9565
CLEWSity,PWRWND001,ELC001,2031,3.44925
CLEWSity,PWRWND001,ELC001,2032,3.942
CLEWSity,PWRWND001,ELC001,2033,4.43475
CLEWSity,PWRWND001,ELC001,2034,4.9275
CLEWSity,PWRWND001,ELC001,2035,5.173875
CLEWSity,PWRWND001,ELC001,2036,5.666625
CLEWSity,PWRWND001,ELC001,2037,6.159375
CLEWSity,PWRWND001,ELC001,2038,6.652125
CLEWSity,PWRWND001,ELC001,2039,7.144875
CLEWSity,PWRWND001,ELC001,2040,7.637625
CLEWSity,PWRWND001,ELC001,2041,8.130375
CLEWSity,PWRWND001,ELC001,2042,8.623125
CLEWSity,PWRWND001,ELC001,2043,13.53287425
CLEWSity,PWRWND001,ELC001,2044,19.94841789
CLEWSity,PWRWND001,ELC001,2045,26.93259761
CLEWSity,PWRWND001,ELC001,2046,25.39717526
CLEWSity,PWRWND001,ELC001,2047,32.38367123
CLEWSity,PWRWND001,ELC001,2048,40.02806363
CLEWSity,PWRWND001,ELC001,2049,47.32831805
CLEWSity,PWRWND001,ELC001,2050,50.2605
CLEWSity,PWRWND001,ELC001,2051,50.2605
CLEWSity,PWRWND001,ELC001,2052,50.2605
CLEWSity,PWRWND001,ELC001,2053,50.2605
CLEWSity,PWRWND001,ELC001,2054,50.2605
CLEWSity,PWRWND001,ELC001,2055,50.2605
CLEWSity,WATAGR001,WATAGR,2020,0.244439514
CLEWSity,WATAGR001,WATAGR,2021,0.469615599
CLEWSity,WATAGR001,WATAGR,2022,0.508582917
CLEWSity,WATAGR001,WATAGR,2023,0.547914898
CLEWSity,WATAGR001,WATAGR,2024,0.586767963
CLEWSity,WATAGR001,WATAGR,2025,0.840060776
CLEWSity,WATAGR001,WATAGR,2026,0.894819899
CLEWSity,WATAGR001,WATAGR,2027,0.95016829
CLEWSity,WATAGR001,WATAGR,2028,1.005064525
CLEWSity,WATAGR001,WATAGR,2029,1.060923322
CLEWSity,WATAGR001,WATAGR,2030,1.115994482
CLEWSity,WATAGR001,WATAGR,2031,1.177606685
CLEWSity,WATAGR001,WATAGR,2032,1.238074972
CLEWSity,WATAGR001,WATAGR,2033,1.300119829
CLEWSity,WATAGR001,WATAGR,2034,1.372826967
CLEWSity,WATAGR001,WATAGR,2035,1.457957158
CLEWSity,WATAGR001,WATAGR,2036,1.493157053
CLEWSity,WATAGR001,WATAGR,2037,1.538028178
CLEWSity,WATAGR001,WATAGR,2038,1.583406683
CLEWSity,WATAGR001,WATAGR,2039,1.629369127
CLEWSity,WATAGR001,WATAGR,2040,1.942644016
CLEWSity,WATAGR001,WATAGR,2041,2.008922084
CLEWSity,WATAGR001,WATAGR,2042,2.038924291
CLEWSity,WATAGR001,WATAGR,2043,2.088173453
CLEWSity,WATAGR001,WATAGR,2044,2.135293082
CLEWSity,WATAGR001,WATAGR,2045,2.184332152
CLEWSity,WATAGR001,WATAGR,2046,2.250789532
CLEWSity,WATAGR001,WATAGR,2047,2.318068862
CLEWSity,WATAGR001,WATAGR,2048,2.385567559
CLEWSity,WATAGR001,WATAGR,2049,2.438871557
CLEWSity,WATAGR001,WATAGR,2050,2.493255301
CLEWSity,WATAGR001,WATAGR,2051,2.559252684
CLEWSity,WATAGR001,WATAGR,2052,2.578199499
CLEWSity,WATAGR001,WATAGR,2053,2.322960971
CLEWSity,WATAGR001,WATAGR,2054,2.193704318
CLEWSity,WATAGR001,WATAGR,2055,2.10593085
CLEWSity,WATELC001,WATELC,2020,0.019505176
CLEWSity,WATELC001,WATELC,2021,0.022106148
CLEWSity,WATELC001,WATELC,2022,0.024669806
CLEWSity,WATELC001,WATELC,2023,0.027220993
CLEWSity,WATELC001,WATELC,2024,0.029286643
CLEWSity,WATELC001,WATELC,2025,0.032535596
CLEWSity,WATELC001,WATELC,2026,0.034813847
CLEWSity,WATELC001,WATELC,2027,0.035348288
CLEWSity,WATELC001,WATELC,2028,0.037502094
CLEWSity,WATELC001,WATELC,2029,0.038616825
CLEWSity,WATELC001,WATELC,2030,0.03982884
CLEWSity,WATELC001,WATELC,2031,0.040769997
CLEWSity,WATELC001,WATELC,2032,0.041746819
CLEWSity,WATELC001,WATELC,2033,0.042704847
CLEWSity,WATELC001,WATELC,2034,0.044208117
CLEWSity,WATELC001,WATELC,2035,0.045866694
CLEWSity,WATELC001,WATELC,2036,0.04730416
CLEWSity,WATELC001,WATELC,2037,0.048710745
CLEWSity,WATELC001,WATELC,2038,0.049532433
CLEWSity,WATELC001,WATELC,2039,0.049551151
CLEWSity,WATELC001,WATELC,2040,0.053410075
CLEWSity,WATELC001,WATELC,2041,0.053443115
CLEWSity,WATELC001,WATELC,2042,0.053439065
CLEWSity,WATELC001,WATELC,2043,0.053706117
CLEWSity,WATELC001,WATELC,2044,0.054439296
CLEWSity,WATELC001,WATELC,2045,0.055418787
CLEWSity,WATELC001,WATELC,2046,0.060777983
CLEWSity,WATELC001,WATELC,2047,0.061784864
CLEWSity,WATELC001,WATELC,2048,0.063066658
CLEWSity,WATELC001,WATELC,2049,0.064426652
CLEWSity,WATELC001,WATELC,2050,0.068101769
CLEWSity,WATELC001,WATELC,2051,0.073451592
CLEWSity,WATELC001,WATELC,2052,0.079307537
CLEWSity,WATELC001,WATELC,2053,0.084783618
CLEWSity,WATELC001,WATELC,2054,0.090440795
CLEWSity,WATELC001,WATELC,2055,0.096726739
CLEWSity,WATGRD001,WAT001,2027,0.034485044
CLEWSity,WATGRD001,WAT001,2049,1.946774917
CLEWSity,WATSUR001,WAT001,2020,1.275690465
CLEWSity,WATSUR001,WAT001,2021,1.692690747
CLEWSity,WATSUR001,WAT001,2022,1.514671753
CLEWSity,WATSUR001,WAT001,2023,1.910131724
CLEWSity,WATSUR001,WAT001,2024,1.723951359
CLEWSity,WATSUR001,WAT001,2025,2.11538391
CLEWSity,WATSUR001,WAT001,2026,2.697008734
CLEWSity,WATSUR001,WAT001,2027,2.324341143
CLEWSity,WATSUR001,WAT001,2028,2.508925019
CLEWSity,WATSUR001,WAT001,2029,2.701193028
CLEWSity,WATSUR001,WAT001,2030,2.839365027
CLEWSity,WATSUR001,WAT001,2031,2.921419446
CLEWSity,WATSUR001,WAT001,2032,3.022611331
CLEWSity,WATSUR001,WAT001,2033,3.226416387
CLEWSity,WATSUR001,WAT001,2034,3.47808451
CLEWSity,WATSUR001,WAT001,2035,3.487309134
CLEWSity,WATSUR001,WAT001,2036,3.621657073
CLEWSity,WATSUR001,WAT001,2037,3.710572693
CLEWSity,WATSUR001,WAT001,2038,3.835154203
CLEWSity,WATSUR001,WAT001,2039,3.963494897
CLEWSity,WATSUR001,WAT001,2040,4.440770433
CLEWSity,WATSUR001,WAT001,2041,4.578287071
CLEWSity,WATSUR001,WAT001,2042,4.751885333
CLEWSity,WATSUR001,WAT001,2043,4.864306331
CLEWSity,WATSUR001,WAT001,2044,5.154399988
CLEWSity,WATSUR001,WAT001,2045,5.391387186
CLEWSity,WATSUR001,WAT001,2046,5.289613219
CLEWSity,WATSUR001,WAT001,2047,5.972348535
CLEWSity,WATSUR001,WAT001,2048,6.269962315
CLEWSity,WATSUR001,WAT001,2049,5.730375856
CLEWSity,WATSUR001,WAT001,2050,6.672540376
CLEWSity,WATSUR001,WAT001,2051,7.121362207
CLEWSity,WATSUR001,WAT001,2052,7.055387055
CLEWSity,WATSUR001,WAT001,2053,7.127552485
CLEWSity,WATSUR001,WAT001,2054,6.913975509
CLEWSity,WATSUR001,WAT001,2055,6.955527285
CLEWSity,WATTRN001,WAT002,2020,0.541
CLEWSity,WATTRN001,WAT002,2021,0.581
CLEWSity,WATTRN001,WAT002,2022,0.622
CLEWSity,WATTRN001,WAT002,2023,0.664
CLEWSity,WATTRN001,WAT002,2024,0.707
CLEWSity,WATTRN001,WAT002,2025,0.752
CLEWSity,WATTRN001,WAT002,2026,0.799
CLEWSity,WATTRN001,WAT002,2027,0.846
CLEWSity,WATTRN001,WAT002,2028,0.896
CLEWSity,WATTRN001,WAT002,2029,0.947
CLEWSity,WATTRN001,WAT002,2030,1
CLEWSity,WATTRN001,WAT002,2031,1.054
CLEWSity,WATTRN001,WAT002,2032,1.11
CLEWSity,WATTRN001,WAT002,2033,1.168
CLEWSity,WATTRN001,WAT002,2034,1.227
CLEWSity,WATTRN001,WAT002,2035,1.289
CLEWSity,WATTRN001,WAT002,2036,1.352
CLEWSity,WATTRN001,WAT002,2037,1.417
CLEWSity,WATTRN001,WAT002,2038,1.484
CLEWSity,WATTRN001,WAT002,2039,1.554
CLEWSity,WATTRN001,WAT002,2040,1.625
CLEWSity,WATTRN001,WAT002,2041,1.698
CLEWSity,WATTRN001,WAT002,2042,1.774
CLEWSity,WATTRN001,WAT002,2043,1.852
CLEWSity,WATTRN001,WAT002,2044,1.932
CLEWSity,WATTRN001,WAT002,2045,2.015
CLEWSity,WATTRN001,WAT002,2046,2.1
CLEWSity,WATTRN001,WAT002,2047,2.187
CLEWSity,WATTRN001,WAT002,2048,2.277
CLEWSity,WATTRN001,WAT002,2049,2.37
CLEWSity,WATTRN001,WAT002,2050,2.465
CLEWSity,WATTRN001,WAT002,2051,2.56
CLEWSity,WATTRN001,WAT002,2052,2.658
CLEWSity,WATTRN001,WAT002,2053,2.759
CLEWSity,WATTRN001,WAT002,2054,2.863
CLEWSity,WATTRN001,WAT002,2055,2.969
