REGION,TECHNOLOGY,MODE_OF_OPERATION,YEAR,VALUE
"CLEWSity","AGRCRP001",1,2020,205.816742081448
"CLEWSity","AGRCRP001",1,2021,205.662841335802
"CLEWSity","AGRCRP001",1,2022,202.439083224125
"CLEWSity","AGRCRP001",1,2023,209.993247516623
"CLEWSity","AGRCRP001",1,2024,212.293503767475
"CLEWSity","AGRCRP001",1,2025,208.136852352941
"CLEWSity","AGRCRP001",1,2026,208.910744999996
"CLEWSity","AGRCRP001",1,2027,209.756496470587
"CLEWSity","AGRCRP001",1,2028,210.530793529417
"CLEWSity","AGRCRP001",1,2029,211.451745000001
"CLEWSity","AGRCRP001",1,2030,212.225517647059
"CLEWSity","AGRCRP001",1,2031,213.889173076923
"CLEWSity","AGRCRP001",1,2032,215.405365271493
"CLEWSity","AGRCRP001",1,2033,217.143816289599
"CLEWSity","AGRCRP001",1,2034,217.794468642534
"CLEWSity","AGRCRP001",1,2035,218.372977760183
"CLEWSity","AGRCRP001",1,2036,217.847646296855
"CLEWSity","AGRCRP001",1,2037,217.243267560982
"CLEWSity","AGRCRP001",1,2038,216.447626800264
"CLEWSity","AGRCRP001",1,2039,222.75034283448
"CLEWSity","AGRCRP001",1,2040,220.27334117647
"CLEWSity","AGRCRP001",1,2041,225.395640723984
"CLEWSity","AGRCRP001",1,2042,231.234595294118
"CLEWSity","AGRCRP001",1,2043,235.419091764707
"CLEWSity","AGRCRP001",1,2044,239.381449411765
"CLEWSity","AGRCRP001",1,2045,239.468203627279
"CLEWSity","AGRCRP001",1,2046,253.307383529412
"CLEWSity","AGRCRP001",1,2047,258.42936
"CLEWSity","AGRCRP001",1,2048,263.551336470588
"CLEWSity","AGRCRP001",1,2049,269.897934117647
"CLEWSity","AGRCRP001",1,2050,275.452030588226
"CLEWSity","AGRCRP001",1,2051,282.228882352942
"CLEWSity","AGRCRP001",1,2052,289.080814117647
"CLEWSity","AGRCRP001",1,2053,296.079924705885
"CLEWSity","AGRCRP001",1,2054,302.856656470589
"CLEWSity","AGRCRP001",1,2055,309.855767058824
"CLEWSity","AGRPST001",1,2020,3586.44578313253
"CLEWSity","AGRPST001",1,2021,3658.17469879518
"CLEWSity","AGRPST001",1,2022,3729.90361445783
"CLEWSity","AGRPST001",1,2023,3801.63253012048
"CLEWSity","AGRPST001",1,2024,3873.36144578313
"CLEWSity","AGRPST001",1,2025,3969
"CLEWSity","AGRPST001",1,2026,4040.72891566265
"CLEWSity","AGRPST001",1,2027,4112.4578313253
"CLEWSity","AGRPST001",1,2028,4208.09638554217
"CLEWSity","AGRPST001",1,2029,4279.82530120482
"CLEWSity","AGRPST001",1,2030,4375.46385542169
"CLEWSity","AGRPST001",1,2031,4471.10240963855
"CLEWSity","AGRPST001",1,2032,4542.8313253012
"CLEWSity","AGRPST001",1,2033,4638.46987951807
"CLEWSity","AGRPST001",1,2034,4734.10843373494
"CLEWSity","AGRPST001",1,2035,4829.74698795181
"CLEWSity","AGRPST001",1,2036,4925.38554216867
"CLEWSity","AGRPST001",1,2037,5021.02409638554
"CLEWSity","AGRPST001",1,2038,5116.66265060241
"CLEWSity","AGRPST001",1,2039,5236.21084337349
"CLEWSity","AGRPST001",1,2040,5331.84939759036
"CLEWSity","AGRPST001",1,2041,5427.48795180723
"CLEWSity","AGRPST001",1,2042,5547.03614457831
"CLEWSity","AGRPST001",1,2043,5666.5843373494
"CLEWSity","AGRPST001",1,2044,5762.22289156627
"CLEWSity","AGRPST001",1,2045,5881.77108433735
"CLEWSity","AGRPST001",1,2046,6001.31927710844
"CLEWSity","AGRPST001",1,2047,6120.86746987951
"CLEWSity","AGRPST001",1,2048,6240.4156626506
"CLEWSity","AGRPST001",1,2049,6359.96385542169
"CLEWSity","AGRPST001",1,2050,6503.42168674699
"CLEWSity","AGRPST001",1,2051,6622.96987951807
"CLEWSity","AGRPST001",1,2052,6766.42771084337
"CLEWSity","AGRPST001",1,2053,6885.97590361446
"CLEWSity","AGRPST001",1,2054,7029.43373493976
"CLEWSity","AGRPST001",1,2055,7172.89156626506
"CLEWSity","FORWOO001",1,2020,9.041
"CLEWSity","FORWOO001",1,2021,9.222
"CLEWSity","FORWOO001",1,2022,9.407
"CLEWSity","FORWOO001",1,2023,9.595
"CLEWSity","FORWOO001",1,2024,9.787
"CLEWSity","FORWOO001",1,2025,9.982
"CLEWSity","FORWOO001",1,2026,10.182
"CLEWSity","FORWOO001",1,2027,10.386
"CLEWSity","FORWOO001",1,2028,10.593
"CLEWSity","FORWOO001",1,2029,10.805
"CLEWSity","FORWOO001",1,2030,11.021
"CLEWSity","FORWOO001",1,2031,11.242
"CLEWSity","FORWOO001",1,2032,11.467
"CLEWSity","FORWOO001",1,2033,11.696
"CLEWSity","FORWOO001",1,2034,11.93
"CLEWSity","FORWOO001",1,2035,12.168
"CLEWSity","FORWOO001",1,2036,12.412
"CLEWSity","FORWOO001",1,2037,12.66
"CLEWSity","FORWOO001",1,2038,12.913
"CLEWSity","FORWOO001",1,2039,13.172
"CLEWSity","FORWOO001",1,2040,13.435
"CLEWSity","FORWOO001",1,2041,13.704
"CLEWSity","FORWOO001",1,2042,13.978
"CLEWSity","FORWOO001",1,2043,14.257
"CLEWSity","FORWOO001",1,2044,14.542
"CLEWSity","FORWOO001",1,2045,14.833
"CLEWSity","FORWOO001",1,2046,15.13
"CLEWSity","FORWOO001",1,2047,15.433
"CLEWSity","FORWOO001",1,2048,15.741
"CLEWSity","FORWOO001",1,2049,16.056
"CLEWSity","FORWOO001",1,2050,16.377
"CLEWSity","FORWOO001",1,2051,16.705
"CLEWSity","FORWOO001",1,2052,17.039
"CLEWSity","FORWOO001",1,2053,17.3799999999998
"CLEWSity","FORWOO001",1,2054,17.7269999999999
"CLEWSity","FORWOO001",1,2055,18.082
"CLEWSity","IMPDSL001",1,2020,6.74066192271836
"CLEWSity","IMPDSL001",1,2021,10.4604779248661
"CLEWSity","IMPDSL001",1,2022,15.1669451592041
"CLEWSity","IMPDSL001",1,2023,19.2919858477886
"CLEWSity","IMPDSL001",1,2024,23.2742149528055
"CLEWSity","IMPDSL001",1,2025,24.5289578994118
"CLEWSity","IMPDSL001",1,2026,16.8382795823812
"CLEWSity","IMPDSL001",1,2027,13.9471346992827
"CLEWSity","IMPDSL001",1,2028,16.6336008322975
"CLEWSity","IMPDSL001",1,2029,16.422240729079
"CLEWSity","IMPDSL001",1,2030,22.6658868905838
"CLEWSity","IMPDSL001",1,2031,17.537525811626
"CLEWSity","IMPDSL001",1,2032,13.1757387797558
"CLEWSity","IMPDSL001",1,2033,7.92640905816827
"CLEWSity","IMPDSL001",1,2034,4.20876676457014
"CLEWSity","IMPDSL001",1,2035,4.25371645604072
"CLEWSity","IMPDSL001",1,2036,4.28826054469359
"CLEWSity","IMPDSL001",1,2037,4.32108054699732
"CLEWSity","IMPDSL001",1,2038,4.3522318241529
"CLEWSity","IMPDSL001",1,2039,4.4731400893626
"CLEWSity","IMPDSL001",1,2040,9.31281283513888
"CLEWSity","IMPDSL001",1,2041,7.00521840098029
"CLEWSity","IMPDSL001",1,2042,4.70467350117647
"CLEWSity","IMPDSL001",1,2043,4.80098692705882
"CLEWSity","IMPDSL001",1,2044,4.89263443764706
"CLEWSity","IMPDSL001",1,2045,4.93641646163181
"CLEWSity","IMPDSL001",1,2046,5.15379705411765
"CLEWSity","IMPDSL001",1,2047,5.26135856
"CLEWSity","IMPDSL001",1,2048,5.36892006588235
"CLEWSity","IMPDSL001",1,2049,5.49139461647059
"CLEWSity","IMPDSL001",1,2050,5.60442964235294
"CLEWSity","IMPDSL001",1,2051,5.74224152941176
"CLEWSity","IMPDSL001",1,2052,5.88163109647059
"CLEWSity","IMPDSL001",1,2053,6.02411041882353
"CLEWSity","IMPDSL001",1,2054,6.16192078588235
"CLEWSity","IMPDSL001",1,2055,7.32877244604579
"CLEWSity","IMPGSL001",1,2020,1.72646040723982
"CLEWSity","IMPGSL001",1,2021,1.74118381883817
"CLEWSity","IMPGSL001",1,2022,1.73897374183466
"CLEWSity","IMPGSL001",1,2023,1.79407455617464
"CLEWSity","IMPGSL001",1,2024,1.82109638284775
"CLEWSity","IMPGSL001",1,2025,1.81505944970588
"CLEWSity","IMPGSL001",1,2026,1.8384121975
"CLEWSity","IMPGSL001",1,2027,1.86251946294118
"CLEWSity","IMPGSL001",1,2028,1.88587395705882
"CLEWSity","IMPGSL001",1,2029,1.9107708225
"CLEWSity","IMPGSL001",1,2030,1.93412293529412
"CLEWSity","IMPGSL001",1,2031,1.96681400961538
"CLEWSity","IMPGSL001",1,2032,1.99795921996606
"CLEWSity","IMPGSL001",1,2033,2.0314381479638
"CLEWSity","IMPGSL001",1,2034,2.05876874766968
"CLEWSity","IMPGSL001",1,2035,2.08534371840498
"CLEWSity","IMPGSL001",1,2036,2.10831276890425
"CLEWSity","IMPGSL001",1,2037,2.13041176452575
"CLEWSity","IMPGSL001",1,2038,2.15196986974487
"CLEWSity","IMPGSL001",1,2039,2.21099290591112
"CLEWSity","IMPGSL001",1,2040,2.22283883235294
"CLEWSity","IMPGSL001",1,2041,2.2766212949095
"CLEWSity","IMPGSL001",1,2042,2.33343012558824
"CLEWSity","IMPGSL001",1,2043,2.38264171352941
"CLEWSity","IMPGSL001",1,2044,2.42952021882353
"CLEWSity","IMPGSL001",1,2045,2.45665625399827
"CLEWSity","IMPGSL001",1,2046,2.55619127705882
"CLEWSity","IMPGSL001",1,2047,2.60997203
"CLEWSity","IMPGSL001",1,2048,2.66375278294118
"CLEWSity","IMPGSL001",1,2049,2.72363955823529
"CLEWSity","IMPGSL001",1,2050,2.77970694617647
"CLEWSity","IMPGSL001",1,2051,2.84805013970588
"CLEWSity","IMPGSL001",1,2052,2.91718229823529
"CLEWSity","IMPGSL001",1,2053,2.98785920941176
"CLEWSity","IMPGSL001",1,2054,3.05620176794118
"CLEWSity","IMPGSL001",1,2055,3.12687867911765
"CLEWSity","LNDAGR001",1,2020,3792.26252521398
"CLEWSity","LNDAGR001",1,2021,3863.83754013098
"CLEWSity","LNDAGR001",1,2022,3932.34269768196
"CLEWSity","LNDAGR001",1,2023,4011.6257776371
"CLEWSity","LNDAGR001",1,2024,4085.65494955061
"CLEWSity","LNDAGR001",1,2025,4177.13685235294
"CLEWSity","LNDAGR001",1,2026,4249.63966066265
"CLEWSity","LNDAGR001",1,2027,4322.21432779589
"CLEWSity","LNDAGR001",1,2028,4418.62717907158
"CLEWSity","LNDAGR001",1,2029,4491.27704620482
"CLEWSity","LNDAGR001",1,2030,4587.68937306874
"CLEWSity","LNDAGR001",1,2031,4684.99158271548
"CLEWSity","LNDAGR001",1,2032,4758.2366905727
"CLEWSity","LNDAGR001",1,2033,4855.61369580767
"CLEWSity","LNDAGR001",1,2034,4951.90290237747
"CLEWSity","LNDAGR001",1,2035,5048.11996571199
"CLEWSity","LNDAGR001",1,2036,5143.23318846553
"CLEWSity","LNDAGR001",1,2037,5238.26736394652
"CLEWSity","LNDAGR001",1,2038,5333.11027740267
"CLEWSity","LNDAGR001",1,2039,5458.96118620797
"CLEWSity","LNDAGR001",1,2040,5552.12273876683
"CLEWSity","LNDAGR001",1,2041,5652.88359253121
"CLEWSity","LNDAGR001",1,2042,5778.27073987243
"CLEWSity","LNDAGR001",1,2043,5902.0034291141
"CLEWSity","LNDAGR001",1,2044,6001.60434097803
"CLEWSity","LNDAGR001",1,2045,6121.23928796463
"CLEWSity","LNDAGR001",1,2046,6254.62666063785
"CLEWSity","LNDAGR001",1,2047,6379.29682987951
"CLEWSity","LNDAGR001",1,2048,6503.96699912119
"CLEWSity","LNDAGR001",1,2049,6629.86178953933
"CLEWSity","LNDAGR001",1,2050,6778.87371733521
"CLEWSity","LNDAGR001",1,2051,6905.19876187101
"CLEWSity","LNDAGR001",1,2052,7055.50852496102
"CLEWSity","LNDAGR001",1,2053,7182.05582832034
"CLEWSity","LNDAGR001",1,2054,7332.29039141035
"CLEWSity","LNDAGR001",1,2055,7482.74733332388
"CLEWSity","LNDBLT001",1,2020,750
"CLEWSity","LNDBLT001",1,2021,758
"CLEWSity","LNDBLT001",1,2022,765
"CLEWSity","LNDBLT001",1,2023,773
"CLEWSity","LNDBLT001",1,2024,780
"CLEWSity","LNDBLT001",1,2025,788
"CLEWSity","LNDBLT001",1,2026,796
"CLEWSity","LNDBLT001",1,2027,804
"CLEWSity","LNDBLT001",1,2028,812
"CLEWSity","LNDBLT001",1,2029,820
"CLEWSity","LNDBLT001",1,2030,828
"CLEWSity","LNDBLT001",1,2031,837
"CLEWSity","LNDBLT001",1,2032,845
"CLEWSity","LNDBLT001",1,2033,854
"CLEWSity","LNDBLT001",1,2034,862
"CLEWSity","LNDBLT001",1,2035,871
"CLEWSity","LNDBLT001",1,2036,879
"CLEWSity","LNDBLT001",1,2037,888
"CLEWSity","LNDBLT001",1,2038,897
"CLEWSity","LNDBLT001",1,2039,906
"CLEWSity","LNDBLT001",1,2040,915
"CLEWSity","LNDBLT001",1,2041,924
"CLEWSity","LNDBLT001",1,2042,934
"CLEWSity","LNDBLT001",1,2043,943
"CLEWSity","LNDBLT001",1,2044,952
"CLEWSity","LNDBLT001",1,2045,962
"CLEWSity","LNDBLT001",1,2046,971
"CLEWSity","LNDBLT001",1,2047,981
"CLEWSity","LNDBLT001",1,2048,991
"CLEWSity","LNDBLT001",1,2049,1001
"CLEWSity","LNDBLT001",1,2050,1011
"CLEWSity","LNDBLT001",1,2051,1021
"CLEWSity","LNDBLT001",1,2052,1031
"CLEWSity","LNDBLT001",1,2053,1042
"CLEWSity","LNDBLT001",1,2054,1052
"CLEWSity","LNDBLT001",1,2055,1062
"CLEWSity","LNDCRP001I",1,2020,13.9705882352941
"CLEWSity","LNDCRP001I",1,2021,13.067
"CLEWSity","LNDCRP001I",1,2022,12.133
"CLEWSity","LNDCRP001I",1,2023,11.2
"CLEWSity","LNDCRP001I",1,2024,10.267
"CLEWSity","LNDCRP001I",1,2025,10.0001323529412
"CLEWSity","LNDCRP001I",1,2026,15.735625
"CLEWSity","LNDCRP001I",1,2027,21.6181764705883
"CLEWSity","LNDCRP001I",1,2028,27.3530735294118
"CLEWSity","LNDCRP001I",1,2029,33.235625
"CLEWSity","LNDCRP001I",1,2030,38.9711176470588
"CLEWSity","LNDCRP001I",1,2031,45.29425
"CLEWSity","LNDCRP001I",1,2032,51.470919117647
"CLEWSity","LNDCRP001I",1,2033,57.7946470588235
"CLEWSity","LNDCRP001I",1,2034,64.1177794117647
"CLEWSity","LNDCRP001I",1,2035,70.2944485294118
"CLEWSity","LNDCRP001I",1,2036,79.4335294117647
"CLEWSity","LNDCRP001I",1,2037,88.3083088235294
"CLEWSity","LNDCRP001I",1,2038,97.4768014705883
"CLEWSity","LNDCRP001I",1,2039,106.498235294118
"CLEWSity","LNDCRP001I",1,2040,114.852941176471
"CLEWSity","LNDCRP001I",1,2041,117.794117647059
"CLEWSity","LNDCRP001I",1,2042,120.588235294118
"CLEWSity","LNDCRP001I",1,2043,123.529411764706
"CLEWSity","LNDCRP001I",1,2044,126.323529411765
"CLEWSity","LNDCRP001I",1,2045,129.264705882353
"CLEWSity","LNDCRP001I",1,2046,132.058823529412
"CLEWSity","LNDCRP001I",1,2047,135
"CLEWSity","LNDCRP001I",1,2048,137.941176470588
"CLEWSity","LNDCRP001I",1,2049,140.735294117647
"CLEWSity","LNDCRP001I",1,2050,143.676470588235
"CLEWSity","LNDCRP001I",1,2051,147.205882352941
"CLEWSity","LNDCRP001I",1,2052,150.735294117647
"CLEWSity","LNDCRP001I",1,2053,154.411764705882
"CLEWSity","LNDCRP001I",1,2054,157.941176470588
"CLEWSity","LNDCRP001I",1,2055,161.617647058824
"CLEWSity","LNDCRP001R",1,2020,100
"CLEWSity","LNDCRP001R",1,2021,104.727012345679
"CLEWSity","LNDCRP001R",1,2022,109.258172839506
"CLEWSity","LNDCRP001R",1,2023,114.034567901235
"CLEWSity","LNDCRP001R",1,2024,118.564049382716
"CLEWSity","LNDCRP001R",1,2025,122.222
"CLEWSity","LNDCRP001R",1,2026,115.555
"CLEWSity","LNDCRP001R",1,2027,108.888
"CLEWSity","LNDCRP001R",1,2028,102.222
"CLEWSity","LNDCRP001R",1,2029,95.555
"CLEWSity","LNDCRP001R",1,2030,88.888
"CLEWSity","LNDCRP001R",1,2031,82.222
"CLEWSity","LNDCRP001R",1,2032,75.555
"CLEWSity","LNDCRP001R",1,2033,68.888
"CLEWSity","LNDCRP001R",1,2034,62.222
"CLEWSity","LNDCRP001R",1,2035,55.555
"CLEWSity","LNDCRP001R",1,2036,44.160987654321
"CLEWSity","LNDCRP001R",1,2037,32.9638271604938
"CLEWSity","LNDCRP001R",1,2038,21.5204320987654
"CLEWSity","LNDCRP001R",1,2039,10.3239506172839
"CLEWSity","LNDCRP002I",1,2020,18
"CLEWSity","LNDCRP002I",1,2021,25.2854352606997
"CLEWSity","LNDCRP002I",1,2022,35.6514304166625
"CLEWSity","LNDCRP002I",1,2023,34.4514304166625
"CLEWSity","LNDCRP002I",1,2024,38.8323410831763
"CLEWSity","LNDCRP002I",1,2025,49.98572
"CLEWSity","LNDCRP002I",1,2026,51.11487
"CLEWSity","LNDCRP002I",1,2027,52.16882
"CLEWSity","LNDCRP002I",1,2028,53.29797
"CLEWSity","LNDCRP002I",1,2029,54.42712
"CLEWSity","LNDCRP002I",1,2030,55.5564
"CLEWSity","LNDCRP002I",1,2031,56.986
"CLEWSity","LNDCRP002I",1,2032,58.4156
"CLEWSity","LNDCRP002I",1,2033,59.9204
"CLEWSity","LNDCRP002I",1,2034,62.44742
"CLEWSity","LNDCRP002I",1,2035,65.04951
"CLEWSity","LNDCRP002I",1,2036,66.77911
"CLEWSity","LNDCRP002I",1,2037,68.6779407916284
"CLEWSity","LNDCRP002I",1,2038,70.6787406665138
"CLEWSity","LNDCRP002I",1,2039,65.09783
"CLEWSity","LNDCRP002I",1,2040,69.4079
"CLEWSity","LNDCRP002I",1,2041,71.58835
"CLEWSity","LNDCRP002I",1,2042,72.83311
"CLEWSity","LNDCRP002I",1,2043,76.18618
"CLEWSity","LNDCRP002I",1,2044,79.46392
"CLEWSity","LNDCRP002I",1,2045,87.0995441096636
"CLEWSity","LNDCRP002I",1,2046,79.83406
"CLEWSity","LNDCRP002I",1,2047,82.01486
"CLEWSity","LNDCRP002I",1,2048,84.19566
"CLEWSity","LNDCRP002I",1,2049,85.04714
"CLEWSity","LNDCRP002I",1,2050,86.75981
"CLEWSity","LNDCRP002I",1,2051,88.88175
"CLEWSity","LNDCRP002I",1,2052,91.07902
"CLEWSity","LNDCRP002I",1,2053,93.2761599999999
"CLEWSity","LNDCRP002I",1,2054,95.39823
"CLEWSity","LNDCRP002I",1,2055,97.59537
"CLEWSity","LNDCRP002R",1,2020,73.8461538461538
"CLEWSity","LNDCRP002R",1,2021,62.5833937294236
"CLEWSity","LNDCRP002R",1,2022,45.3964799679568
"CLEWSity","LNDCRP002R",1,2023,50.307249198726
"CLEWSity","LNDCRP002R",1,2024,44.6301133015835
"CLEWSity","LNDCRP002R",1,2025,25.929
"CLEWSity","LNDCRP002R",1,2026,26.50525
"CLEWSity","LNDCRP002R",1,2027,27.0815
"CLEWSity","LNDCRP002R",1,2028,27.65775
"CLEWSity","LNDCRP002R",1,2029,28.234
"CLEWSity","LNDCRP002R",1,2030,28.81
"CLEWSity","LNDCRP002R",1,2031,29.3869230769231
"CLEWSity","LNDCRP002R",1,2032,29.9638461538462
"CLEWSity","LNDCRP002R",1,2033,30.5407692307693
"CLEWSity","LNDCRP002R",1,2034,29.0072692307692
"CLEWSity","LNDCRP002R",1,2035,27.4740192307692
"CLEWSity","LNDCRP002R",1,2036,27.4740192307693
"CLEWSity","LNDCRP002R",1,2037,27.2931907853299
"CLEWSity","LNDCRP002R",1,2038,26.7716525643964
"CLEWSity","LNDCRP002R",1,2039,40.8303269230766
"CLEWSity","LNDCRP002R",1,2040,36.0125
"CLEWSity","LNDCRP002R",1,2041,36.0131730769231
"CLEWSity","LNDCRP002R",1,2042,37.81325
"CLEWSity","LNDCRP002R",1,2043,35.7035
"CLEWSity","LNDCRP002R",1,2044,33.594
"CLEWSity","LNDCRP002R",1,2045,23.1039536352624
"CLEWSity","LNDCRP002R",1,2046,41.4145
"CLEWSity","LNDCRP002R",1,2047,41.4145
"CLEWSity","LNDCRP002R",1,2048,41.4144999999999
"CLEWSity","LNDCRP002R",1,2049,44.1155
"CLEWSity","LNDCRP002R",1,2050,45.01575
"CLEWSity","LNDCRP002R",1,2051,46.14125
"CLEWSity","LNDCRP002R",1,2052,47.2665
"CLEWSity","LNDCRP002R",1,2053,48.3920000000001
"CLEWSity","LNDCRP002R",1,2054,49.51725
"CLEWSity","LNDCRP002R",1,2055,50.64275
"CLEWSity","LNDFOR001",1,2020,5250
"CLEWSity","LNDFOR001",1,2021,5163
"CLEWSity","LNDFOR001",1,2022,5075
"CLEWSity","LNDFOR001",1,2023,4988
"CLEWSity","LNDFOR001",1,2024,4900
"CLEWSity","LNDFOR001",1,2025,4813
"CLEWSity","LNDFOR001",1,2026,4725
"CLEWSity","LNDFOR001",1,2027,4638
"CLEWSity","LNDFOR001",1,2028,4550
"CLEWSity","LNDFOR001",1,2029,4463
"CLEWSity","LNDFOR001",1,2030,4375
"CLEWSity","LNDFOR001",1,2031,4288
"CLEWSity","LNDFOR001",1,2032,4200
"CLEWSity","LNDFOR001",1,2033,4113
"CLEWSity","LNDFOR001",1,2034,4025
"CLEWSity","LNDFOR001",1,2035,3938
"CLEWSity","LNDFOR001",1,2036,3850
"CLEWSity","LNDFOR001",1,2037,3763
"CLEWSity","LNDFOR001",1,2038,3675
"CLEWSity","LNDFOR001",1,2039,3588
"CLEWSity","LNDFOR001",1,2040,3500
"CLEWSity","LNDFOR001",1,2041,3413
"CLEWSity","LNDFOR001",1,2042,3325
"CLEWSity","LNDFOR001",1,2043,3238
"CLEWSity","LNDFOR001",1,2044,3150
"CLEWSity","LNDFOR001",1,2045,3063
"CLEWSity","LNDFOR001",1,2046,3000
"CLEWSity","LNDFOR001",1,2047,3000
"CLEWSity","LNDFOR001",1,2048,3000
"CLEWSity","LNDFOR001",1,2049,3000
"CLEWSity","LNDFOR001",1,2050,3000
"CLEWSity","LNDFOR001",1,2051,3000
"CLEWSity","LNDFOR001",1,2052,3000
"CLEWSity","LNDFOR001",1,2053,3000
"CLEWSity","LNDFOR001",1,2054,3000
"CLEWSity","LNDFOR001",1,2055,3000
"CLEWSity","LNDOTH001",1,2020,5207.73747478602
"CLEWSity","LNDOTH001",1,2021,5215.16245986902
"CLEWSity","LNDOTH001",1,2022,5227.65730231804
"CLEWSity","LNDOTH001",1,2023,5227.37422236289
"CLEWSity","LNDOTH001",1,2024,5234.34505044939
"CLEWSity","LNDOTH001",1,2025,5221.86314764706
"CLEWSity","LNDOTH001",1,2026,5229.36033933735
"CLEWSity","LNDOTH001",1,2027,5235.78567220411
"CLEWSity","LNDOTH001",1,2028,5219.37282092842
"CLEWSity","LNDOTH001",1,2029,5225.72295379518
"CLEWSity","LNDOTH001",1,2030,5209.31062693125
"CLEWSity","LNDOTH001",1,2031,5190.00841728452
"CLEWSity","LNDOTH001",1,2032,5196.7633094273
"CLEWSity","LNDOTH001",1,2033,5177.38630419234
"CLEWSity","LNDOTH001",1,2034,5161.09709762253
"CLEWSity","LNDOTH001",1,2035,5142.88003428801
"CLEWSity","LNDOTH001",1,2036,5127.76681153447
"CLEWSity","LNDOTH001",1,2037,5110.73263605348
"CLEWSity","LNDOTH001",1,2038,5094.88972259733
"CLEWSity","LNDOTH001",1,2039,5047.03881379203
"CLEWSity","LNDOTH001",1,2040,5032.87726123317
"CLEWSity","LNDOTH001",1,2041,5010.11640746878
"CLEWSity","LNDOTH001",1,2042,4962.72926012757
"CLEWSity","LNDOTH001",1,2043,4916.99657088589
"CLEWSity","LNDOTH001",1,2044,4896.39565902197
"CLEWSity","LNDOTH001",1,2045,4853.76071203537
"CLEWSity","LNDOTH001",1,2046,4774.37333936214
"CLEWSity","LNDOTH001",1,2047,4639.70317012049
"CLEWSity","LNDOTH001",1,2048,4505.0330008788
"CLEWSity","LNDOTH001",1,2049,4369.13821046066
"CLEWSity","LNDOTH001",1,2050,4210.12628266478
"CLEWSity","LNDOTH001",1,2051,4073.80123812899
"CLEWSity","LNDOTH001",1,2052,3913.49147503898
"CLEWSity","LNDOTH001",1,2053,3775.94417167966
"CLEWSity","LNDOTH001",1,2054,3615.70960858966
"CLEWSity","LNDOTH001",1,2055,3455.25266667612
"CLEWSity","MINGAS001",1,2020,83.2110779645373
"CLEWSity","MINGAS001",1,2021,87.2854945604809
"CLEWSity","MINGAS001",1,2022,92.6279514123091
"CLEWSity","MINGAS001",1,2023,96.4205586806144
"CLEWSity","MINGAS001",1,2024,101.602818885812
"CLEWSity","MINGAS001",1,2025,105.636619804302
"CLEWSity","MINGAS001",1,2026,118.841393072481
"CLEWSity","MINGAS001",1,2027,118.939390712101
"CLEWSity","MINGAS001",1,2028,124.238472089924
"CLEWSity","MINGAS001",1,2029,124.68224994409
"CLEWSity","MINGAS001",1,2030,122.514241111453
"CLEWSity","MINGAS001",1,2031,126.649412026042
"CLEWSity","MINGAS001",1,2032,132.556449390706
"CLEWSity","MINGAS001",1,2033,136.883082333871
"CLEWSity","MINGAS001",1,2034,142.270205532545
"CLEWSity","MINGAS001",1,2035,151.90345866272
"CLEWSity","MINGAS001",1,2036,162.597929503852
"CLEWSity","MINGAS001",1,2037,173.207191800927
"CLEWSity","MINGAS001",1,2038,178.980909244838
"CLEWSity","MINGAS001",1,2039,185.681185841124
"CLEWSity","MINGAS001",1,2040,175.997837664283
"CLEWSity","MINGAS001",1,2041,182.535782617424
"CLEWSity","MINGAS001",1,2042,189.135561857708
"CLEWSity","MINGAS001",1,2043,199.113100810166
"CLEWSity","MINGAS001",1,2044,200
"CLEWSity","MINGAS001",1,2045,200
"CLEWSity","MINGAS001",1,2046,200
"CLEWSity","MINGAS001",1,2047,200
"CLEWSity","MINGAS001",1,2048,200
"CLEWSity","MINGAS001",1,2049,200
"CLEWSity","MINGAS001",1,2050,200
"CLEWSity","MINGAS001",1,2051,200
"CLEWSity","MINGAS001",1,2052,200
"CLEWSity","MINGAS001",1,2053,200
"CLEWSity","MINGAS001",1,2054,200
"CLEWSity","MINGAS001",1,2055,200
"CLEWSity","MINHYD001",1,2020,28.3824
"CLEWSity","MINHYD001",1,2021,28.3824
"CLEWSity","MINHYD001",1,2022,28.3824
"CLEWSity","MINHYD001",1,2023,28.3824
"CLEWSity","MINHYD001",1,2024,28.3824
"CLEWSity","MINHYD001",1,2025,28.3824
"CLEWSity","MINHYD001",1,2026,28.3824
"CLEWSity","MINHYD001",1,2027,31.9302
"CLEWSity","MINHYD001",1,2028,31.9302
"CLEWSity","MINHYD001",1,2029,35.478
"CLEWSity","MINHYD001",1,2030,39.0258
"CLEWSity","MINHYD001",1,2031,42.5736
"CLEWSity","MINHYD001",1,2032,46.1214
"CLEWSity","MINHYD001",1,2033,49.6692
"CLEWSity","MINHYD001",1,2034,53.217
"CLEWSity","MINHYD001",1,2035,53.7475257982048
"CLEWSity","MINHYD001",1,2036,53.7475257982048
"CLEWSity","MINHYD001",1,2037,53.7475257982048
"CLEWSity","MINHYD001",1,2038,57.2953257982048
"CLEWSity","MINHYD001",1,2039,60.8431257982048
"CLEWSity","MINHYD001",1,2040,64.3909257982048
"CLEWSity","MINHYD001",1,2041,67.9387257982048
"CLEWSity","MINHYD001",1,2042,71.4865257982048
"CLEWSity","MINHYD001",1,2043,72.5494805748525
"CLEWSity","MINHYD001",1,2044,73.3488982294723
"CLEWSity","MINHYD001",1,2045,76.8966982294722
"CLEWSity","MINHYD001",1,2046,80.4444982294723
"CLEWSity","MINHYD001",1,2047,83.0162219964952
"CLEWSity","MINHYD001",1,2048,83.4790245342263
"CLEWSity","MINHYD001",1,2049,85.1472
"CLEWSity","MINHYD001",1,2050,105.96096
"CLEWSity","MINHYD001",1,2051,95.55408
"CLEWSity","MINHYD001",1,2052,95.55408
"CLEWSity","MINHYD001",1,2053,95.55408
"CLEWSity","MINHYD001",1,2054,95.55408
"CLEWSity","MINHYD001",1,2055,95.55408
"CLEWSity","MINLND001",1,2020,15000
"CLEWSity","MINLND001",1,2021,15000
"CLEWSity","MINLND001",1,2022,15000
"CLEWSity","MINLND001",1,2023,15000
"CLEWSity","MINLND001",1,2024,15000
"CLEWSity","MINLND001",1,2025,15000
"CLEWSity","MINLND001",1,2026,15000
"CLEWSity","MINLND001",1,2027,15000
"CLEWSity","MINLND001",1,2028,15000
"CLEWSity","MINLND001",1,2029,15000
"CLEWSity","MINLND001",1,2030,15000
"CLEWSity","MINLND001",1,2031,15000
"CLEWSity","MINLND001",1,2032,15000
"CLEWSity","MINLND001",1,2033,15000
"CLEWSity","MINLND001",1,2034,15000
"CLEWSity","MINLND001",1,2035,15000
"CLEWSity","MINLND001",1,2036,15000
"CLEWSity","MINLND001",1,2037,15000
"CLEWSity","MINLND001",1,2038,15000
"CLEWSity","MINLND001",1,2039,15000
"CLEWSity","MINLND001",1,2040,15000
"CLEWSity","MINLND001",1,2041,15000
"CLEWSity","MINLND001",1,2042,15000
"CLEWSity","MINLND001",1,2043,15000
"CLEWSity","MINLND001",1,2044,15000
"CLEWSity","MINLND001",1,2045,15000
"CLEWSity","MINLND001",1,2046,15000
"CLEWSity","MINLND001",1,2047,15000
"CLEWSity","MINLND001",1,2048,15000
"CLEWSity","MINLND001",1,2049,15000
"CLEWSity","MINLND001",1,2050,15000
"CLEWSity","MINLND001",1,2051,15000
"CLEWSity","MINLND001",1,2052,15000
"CLEWSity","MINLND001",1,2053,15000
"CLEWSity","MINLND001",1,2054,15000
"CLEWSity","MINLND001",1,2055,15000
"CLEWSity","MINPRC001",1,2020,341.25
"CLEWSity","MINPRC001",1,2021,341.25
"CLEWSity","MINPRC001",1,2022,341.25
"CLEWSity","MINPRC001",1,2023,341.25
"CLEWSity","MINPRC001",1,2024,341.25
"CLEWSity","MINPRC001",1,2025,341.25
"CLEWSity","MINPRC001",1,2026,341.25
"CLEWSity","MINPRC001",1,2027,341.25
"CLEWSity","MINPRC001",1,2028,341.25
"CLEWSity","MINPRC001",1,2029,341.25
"CLEWSity","MINPRC001",1,2030,341.25
"CLEWSity","MINPRC001",1,2031,341.25
"CLEWSity","MINPRC001",1,2032,341.25
"CLEWSity","MINPRC001",1,2033,341.25
"CLEWSity","MINPRC001",1,2034,341.25
"CLEWSity","MINPRC001",1,2035,341.25
"CLEWSity","MINPRC001",1,2036,341.25
"CLEWSity","MINPRC001",1,2037,341.25
"CLEWSity","MINPRC001",1,2038,341.25
"CLEWSity","MINPRC001",1,2039,341.25
"CLEWSity","MINPRC001",1,2040,341.25
"CLEWSity","MINPRC001",1,2041,341.25
"CLEWSity","MINPRC001",1,2042,341.25
"CLEWSity","MINPRC001",1,2043,341.25
"CLEWSity","MINPRC001",1,2044,341.25
"CLEWSity","MINPRC001",1,2045,341.25
"CLEWSity","MINPRC001",1,2046,341.25
"CLEWSity","MINPRC001",1,2047,341.25
"CLEWSity","MINPRC001",1,2048,341.25
"CLEWSity","MINPRC001",1,2049,341.25
"CLEWSity","MINPRC001",1,2050,341.25
"CLEWSity","MINPRC001",1,2051,341.25
"CLEWSity","MINPRC001",1,2052,341.25
"CLEWSity","MINPRC001",1,2053,341.25
"CLEWSity","MINPRC001",1,2054,341.25
"CLEWSity","MINPRC001",1,2055,341.25
"CLEWSity","MINSOL001",1,2020,0.49275
"CLEWSity","MINSOL001",1,2021,0.49275
"CLEWSity","MINSOL001",1,2022,0.49275
"CLEWSity","MINSOL001",1,2023,0.49275
"CLEWSity","MINSOL001",1,2024,0.49275
"CLEWSity","MINSOL001",1,2025,0.49275
"CLEWSity","MINSOL001",1,2026,0.9855
"CLEWSity","MINSOL001",1,2027,1.47825
"CLEWSity","MINSOL001",1,2028,1.971
"CLEWSity","MINSOL001",1,2029,2.46375
"CLEWSity","MINSOL001",1,2030,2.9565
"CLEWSity","MINSOL001",1,2031,3.44925
"CLEWSity","MINSOL001",1,2032,3.942
"CLEWSity","MINSOL001",1,2033,4.43475
"CLEWSity","MINSOL001",1,2034,4.9275
"CLEWSity","MINSOL001",1,2035,5.173875
"CLEWSity","MINSOL001",1,2036,5.666625
"CLEWSity","MINSOL001",1,2037,6.159375
"CLEWSity","MINSOL001",1,2038,6.652125
"CLEWSity","MINSOL001",1,2039,7.144875
"CLEWSity","MINSOL001",1,2040,7.637625
"CLEWSity","MINSOL001",1,2041,8.130375
"CLEWSity","MINSOL001",1,2042,8.623125
"CLEWSity","MINSOL001",1,2043,9.115875
"CLEWSity","MINSOL001",1,2044,9.608625
"CLEWSity","MINSOL001",1,2045,10.101375
"CLEWSity","MINSOL001",1,2046,10.594125
"CLEWSity","MINSOL001",1,2047,14.2087829687722
"CLEWSity","MINSOL001",1,2048,19.3507391317266
"CLEWSity","MINSOL001",1,2049,24.2707341273633
"CLEWSity","MINSOL001",1,2050,30.8287040287113
"CLEWSity","MINSOL001",1,2051,32.669325
"CLEWSity","MINSOL001",1,2052,32.669325
"CLEWSity","MINSOL001",1,2053,32.669325
"CLEWSity","MINSOL001",1,2054,32.669325
"CLEWSity","MINSOL001",1,2055,32.669325
"CLEWSity","MINWND001",1,2020,0.49275
"CLEWSity","MINWND001",1,2021,0.49275
"CLEWSity","MINWND001",1,2022,0.49275
"CLEWSity","MINWND001",1,2023,0.49275
"CLEWSity","MINWND001",1,2024,0.49275
"CLEWSity","MINWND001",1,2025,0.49275
"CLEWSity","MINWND001",1,2026,0.9855
"CLEWSity","MINWND001",1,2027,1.47825
"CLEWSity","MINWND001",1,2028,1.971
"CLEWSity","MINWND001",1,2029,2.46375
"CLEWSity","MINWND001",1,2030,2.9565
"CLEWSity","MINWND001",1,2031,3.44925
"CLEWSity","MINWND001",1,2032,3.942
"CLEWSity","MINWND001",1,2033,4.43475
"CLEWSity","MINWND001",1,2034,4.9275
"CLEWSity","MINWND001",1,2035,5.173875
"CLEWSity","MINWND001",1,2036,5.56433570901746
"CLEWSity","MINWND001",1,2037,6.05708570901747
"CLEWSity","MINWND001",1,2038,5.20887028294173
"CLEWSity","MINWND001",1,2039,5.40829410249582
"CLEWSity","MINWND001",1,2040,7.53533570901746
"CLEWSity","MINWND001",1,2041,8.02808570901747
"CLEWSity","MINWND001",1,2042,8.52083570901747
"CLEWSity","MINWND001",1,2043,9.01358570901747
"CLEWSity","MINWND001",1,2044,9.50633570901747
"CLEWSity","MINWND001",1,2045,9.99908570901747
"CLEWSity","MINWND001",1,2046,10.4918357090175
"CLEWSity","MINWND001",1,2047,10.9845857090175
"CLEWSity","MINWND001",1,2048,45.9093428360698
"CLEWSity","MINWND001",1,2049,11.9700857090175
"CLEWSity","MINWND001",1,2050,37.3885071270524
"CLEWSity","MINWND001",1,2051,37.3885071270524
"CLEWSity","MINWND001",1,2052,37.3885071270524
"CLEWSity","MINWND001",1,2053,32.453125487094
"CLEWSity","MINWND001",1,2054,39.0783085435532
"CLEWSity","MINWND001",1,2055,49.8513428360699
"CLEWSity","PRCBAG001",1,2020,7.9008
"CLEWSity","PRCBAG001",1,2021,8.39235303128397
"CLEWSity","PRCBAG001",1,2022,9.29864562998115
"CLEWSity","PRCBAG001",1,2023,9.29864562998115
"CLEWSity","PRCBAG001",1,2024,10.9879897299811
"CLEWSity","PRCBAG001",1,2025,14.3666779299812
"CLEWSity","PRCBAG001",1,2026,14.3666779299812
"CLEWSity","PRCBAG001",1,2027,17.7453661299812
"CLEWSity","PRCBAG001",1,2028,17.7453661299812
"CLEWSity","PRCBAG001",1,2029,17.7453661299812
"CLEWSity","PRCBAG001",1,2030,17.7451357299812
"CLEWSity","PRCBAG001",1,2031,17.7451357299812
"CLEWSity","PRCBAG001",1,2032,17.7451357299812
"CLEWSity","PRCBAG001",1,2033,17.7451357299812
"CLEWSity","PRCBAG001",1,2034,17.7451357299812
"CLEWSity","PRCBAG001",1,2035,17.7451357299812
"CLEWSity","PRCBAG001",1,2036,16.7268834986972
"CLEWSity","PRCBAG001",1,2037,15.2938293
"CLEWSity","PRCBAG001",1,2038,14.7671301
"CLEWSity","PRCBAG001",1,2039,12.5510868
"CLEWSity","PRCBAG001",1,2040,20.4019082631265
"CLEWSity","PRCBAG001",1,2041,20.4019082631265
"CLEWSity","PRCBAG001",1,2042,20.4019082631265
"CLEWSity","PRCBAG001",1,2043,19.8751466631265
"CLEWSity","PRCBAG001",1,2044,33.4512278639348
"CLEWSity","PRCBAG001",1,2045,40.5853002590235
"CLEWSity","PRCBAG001",1,2046,46.8076395655054
"CLEWSity","PRCBAG001",1,2047,49.703
"CLEWSity","PRCBAG001",1,2048,50.750976
"CLEWSity","PRCBAG001",1,2049,51.818
"CLEWSity","PRCBAG001",1,2050,52.875
"CLEWSity","PRCBAG001",1,2051,54.180096
"CLEWSity","PRCBAG001",1,2052,55.515648
"CLEWSity","PRCBAG001",1,2053,56.841
"CLEWSity","PRCBAG001",1,2054,58.150656
"CLEWSity","PRCBAG001",1,2055,59.484
"CLEWSity","PRCCRP002",1,2020,0.75
"CLEWSity","PRCCRP002",1,2021,0.769
"CLEWSity","PRCCRP002",1,2022,0.788
"CLEWSity","PRCCRP002",1,2023,0.806
"CLEWSity","PRCCRP002",1,2024,0.825
"CLEWSity","PRCCRP002",1,2025,0.844
"CLEWSity","PRCCRP002",1,2026,0.863
"CLEWSity","PRCCRP002",1,2027,0.881
"CLEWSity","PRCCRP002",1,2028,0.9
"CLEWSity","PRCCRP002",1,2029,0.919
"CLEWSity","PRCCRP002",1,2030,0.938
"CLEWSity","PRCCRP002",1,2031,0.961
"CLEWSity","PRCCRP002",1,2032,0.984
"CLEWSity","PRCCRP002",1,2033,1.008
"CLEWSity","PRCCRP002",1,2034,1.031
"CLEWSity","PRCCRP002",1,2035,1.055
"CLEWSity","PRCCRP002",1,2036,1.078
"CLEWSity","PRCCRP002",1,2037,1.102
"CLEWSity","PRCCRP002",1,2038,1.125
"CLEWSity","PRCCRP002",1,2039,1.148
"CLEWSity","PRCCRP002",1,2040,1.172
"CLEWSity","PRCCRP002",1,2041,1.201
"CLEWSity","PRCCRP002",1,2042,1.23
"CLEWSity","PRCCRP002",1,2043,1.26
"CLEWSity","PRCCRP002",1,2044,1.289
"CLEWSity","PRCCRP002",1,2045,1.318
"CLEWSity","PRCCRP002",1,2046,1.348
"CLEWSity","PRCCRP002",1,2047,1.377
"CLEWSity","PRCCRP002",1,2048,1.406
"CLEWSity","PRCCRP002",1,2049,1.436
"CLEWSity","PRCCRP002",1,2050,1.465
"CLEWSity","PRCCRP002",1,2051,1.501
"CLEWSity","PRCCRP002",1,2052,1.538
"CLEWSity","PRCCRP002",1,2053,1.575
"CLEWSity","PRCCRP002",1,2054,1.611
"CLEWSity","PRCCRP002",1,2055,1.648
"CLEWSity","PRCCTL001",1,2020,0.15
"CLEWSity","PRCCTL001",1,2021,0.153
"CLEWSity","PRCCTL001",1,2022,0.156
"CLEWSity","PRCCTL001",1,2023,0.159
"CLEWSity","PRCCTL001",1,2024,0.162
"CLEWSity","PRCCTL001",1,2025,0.166
"CLEWSity","PRCCTL001",1,2026,0.169
"CLEWSity","PRCCTL001",1,2027,0.172
"CLEWSity","PRCCTL001",1,2028,0.176
"CLEWSity","PRCCTL001",1,2029,0.179
"CLEWSity","PRCCTL001",1,2030,0.183
"CLEWSity","PRCCTL001",1,2031,0.187
"CLEWSity","PRCCTL001",1,2032,0.19
"CLEWSity","PRCCTL001",1,2033,0.194
"CLEWSity","PRCCTL001",1,2034,0.198
"CLEWSity","PRCCTL001",1,2035,0.202
"CLEWSity","PRCCTL001",1,2036,0.206
"CLEWSity","PRCCTL001",1,2037,0.21
"CLEWSity","PRCCTL001",1,2038,0.214
"CLEWSity","PRCCTL001",1,2039,0.219
"CLEWSity","PRCCTL001",1,2040,0.223
"CLEWSity","PRCCTL001",1,2041,0.227
"CLEWSity","PRCCTL001",1,2042,0.232
"CLEWSity","PRCCTL001",1,2043,0.237
"CLEWSity","PRCCTL001",1,2044,0.241
"CLEWSity","PRCCTL001",1,2045,0.246
"CLEWSity","PRCCTL001",1,2046,0.251
"CLEWSity","PRCCTL001",1,2047,0.256
"CLEWSity","PRCCTL001",1,2048,0.261
"CLEWSity","PRCCTL001",1,2049,0.266
"CLEWSity","PRCCTL001",1,2050,0.272
"CLEWSity","PRCCTL001",1,2051,0.277
"CLEWSity","PRCCTL001",1,2052,0.283
"CLEWSity","PRCCTL001",1,2053,0.288
"CLEWSity","PRCCTL001",1,2054,0.294
"CLEWSity","PRCCTL001",1,2055,0.3
"CLEWSity","PWRBIO001",1,2020,2.76541827091355
"CLEWSity","PWRBIO001",1,2021,2.93747043447111
"CLEWSity","PWRBIO001",1,2022,3.25468870492865
"CLEWSity","PWRBIO001",1,2023,3.25468870492865
"CLEWSity","PWRBIO001",1,2024,3.84598870492865
"CLEWSity","PWRBIO001",1,2025,5.02858870492865
"CLEWSity","PWRBIO001",1,2026,5.02858870492865
"CLEWSity","PWRBIO001",1,2027,6.21118870492865
"CLEWSity","PWRBIO001",1,2028,6.21118870492865
"CLEWSity","PWRBIO001",1,2029,6.21118870492865
"CLEWSity","PWRBIO001",1,2030,6.21110806089645
"CLEWSity","PWRBIO001",1,2031,6.21110806089645
"CLEWSity","PWRBIO001",1,2032,6.21110806089645
"CLEWSity","PWRBIO001",1,2033,6.21110806089645
"CLEWSity","PWRBIO001",1,2034,6.21110806089645
"CLEWSity","PWRBIO001",1,2035,6.21110806089645
"CLEWSity","PWRBIO001",1,2036,5.854701959642
"CLEWSity","PWRBIO001",1,2037,5.35310791039552
"CLEWSity","PWRBIO001",1,2038,5.16875397269864
"CLEWSity","PWRBIO001",1,2039,4.39310003500175
"CLEWSity","PWRBIO001",1,2040,7.14102494334143
"CLEWSity","PWRBIO001",1,2041,7.14102494334143
"CLEWSity","PWRBIO001",1,2042,7.14102494334143
"CLEWSity","PWRBIO001",1,2043,6.95664916455249
"CLEWSity","PWRBIO001",1,2044,11.7085151781361
"CLEWSity","PWRBIO001",1,2045,14.2055653689267
"CLEWSity","PWRBIO001",1,2046,16.383493022578
"CLEWSity","PWRBIO001",1,2047,17.3969198459923
"CLEWSity","PWRBIO001",1,2048,17.7637297864893
"CLEWSity","PWRBIO001",1,2049,18.137206860343
"CLEWSity","PWRBIO001",1,2050,18.5071753587679
"CLEWSity","PWRBIO001",1,2051,18.9639817990899
"CLEWSity","PWRBIO001",1,2052,19.4314483724186
"CLEWSity","PWRBIO001",1,2053,19.8953447672384
"CLEWSity","PWRBIO001",1,2054,20.3537472873644
"CLEWSity","PWRBIO001",1,2055,20.8204410220511
"CLEWSity","PWRDSL001",1,2020,1.18309078814307
"CLEWSity","PWRDSL001",1,2021,2.58768992443568
"CLEWSity","PWRDSL001",1,2022,4.38234917276873
"CLEWSity","PWRDSL001",1,2023,5.90406341882195
"CLEWSity","PWRDSL001",1,2024,7.39697113390034
"CLEWSity","PWRDSL001",1,2025,7.884
"CLEWSity","PWRDSL001",1,2026,4.94657862362508
"CLEWSity","PWRDSL001",1,2027,3.83211484551683
"CLEWSity","PWRDSL001",1,2028,4.83737582377655
"CLEWSity","PWRDSL001",1,2029,4.74046735717285
"CLEWSity","PWRDSL001",1,2030,7.09724278875213
"CLEWSity","PWRDSL001",1,2031,5.12624957040968
"CLEWSity","PWRDSL001",1,2032,3.44768293832439
"CLEWSity","PWRDSL001",1,2033,1.43013069643233
"CLEWSity","PWRDSL001",1,2040,1.83553292949582
"CLEWSity","PWRDSL001",1,2041,0.917918935442388
"CLEWSity","PWRDSL001",1,2055,0.389199216493349
"CLEWSity","PWRGAS001",1,2020,41.7726295002697
"CLEWSity","PWRGAS001",1,2021,43.8180193576711
"CLEWSity","PWRGAS001",1,2022,46.4999756085889
"CLEWSity","PWRGAS001",1,2023,48.4038949199871
"CLEWSity","PWRGAS001",1,2024,51.0054311675763
"CLEWSity","PWRGAS001",1,2025,53.0304316286658
"CLEWSity","PWRGAS001",1,2026,59.6593338717274
"CLEWSity","PWRGAS001",1,2027,59.7085294739462
"CLEWSity","PWRGAS001",1,2028,62.368710888516
"CLEWSity","PWRGAS001",1,2029,62.591490935788
"CLEWSity","PWRGAS001",1,2030,61.5031330880789
"CLEWSity","PWRGAS001",1,2031,63.5790221014269
"CLEWSity","PWRGAS001",1,2032,66.5444023045714
"CLEWSity","PWRGAS001",1,2033,68.7164067941119
"CLEWSity","PWRGAS001",1,2034,71.4207859099121
"CLEWSity","PWRGAS001",1,2035,76.2567563567871
"CLEWSity","PWRGAS001",1,2036,81.6254666183995
"CLEWSity","PWRGAS001",1,2037,86.9514015064893
"CLEWSity","PWRGAS001",1,2038,89.8498540385731
"CLEWSity","PWRGAS001",1,2039,93.2134467073917
"CLEWSity","PWRGAS001",1,2040,88.3523281447205
"CLEWSity","PWRGAS001",1,2041,91.6344290248112
"CLEWSity","PWRGAS001",1,2042,94.9475712137089
"CLEWSity","PWRGAS001",1,2043,99.9563759087178
"CLEWSity","PWRGAS001",1,2044,100.401606425703
"CLEWSity","PWRGAS001",1,2045,100.401606425703
"CLEWSity","PWRGAS001",1,2046,100.401606425703
"CLEWSity","PWRGAS001",1,2047,100.401606425703
"CLEWSity","PWRGAS001",1,2048,100.401606425703
"CLEWSity","PWRGAS001",1,2049,100.401606425703
"CLEWSity","PWRGAS001",1,2050,100.401606425703
"CLEWSity","PWRGAS001",1,2051,100.401606425703
"CLEWSity","PWRGAS001",1,2052,100.401606425703
"CLEWSity","PWRGAS001",1,2053,100.401606425703
"CLEWSity","PWRGAS001",1,2054,100.401606425703
"CLEWSity","PWRGAS001",1,2055,100.401606425703
"CLEWSity","PWRHYD001",1,2020,28.3824
"CLEWSity","PWRHYD001",1,2021,28.3824
"CLEWSity","PWRHYD001",1,2022,28.3824
"CLEWSity","PWRHYD001",1,2023,28.3824
"CLEWSity","PWRHYD001",1,2024,28.3824
"CLEWSity","PWRHYD001",1,2025,28.3824
"CLEWSity","PWRHYD001",1,2026,28.3824
"CLEWSity","PWRHYD001",1,2027,31.9302
"CLEWSity","PWRHYD001",1,2028,31.9302
"CLEWSity","PWRHYD001",1,2029,35.478
"CLEWSity","PWRHYD001",1,2030,39.0258
"CLEWSity","PWRHYD001",1,2031,42.5736
"CLEWSity","PWRHYD001",1,2032,46.1214
"CLEWSity","PWRHYD001",1,2033,49.6692
"CLEWSity","PWRHYD001",1,2034,53.217
"CLEWSity","PWRHYD001",1,2035,53.7475257982048
"CLEWSity","PWRHYD001",1,2036,53.7475257982048
"CLEWSity","PWRHYD001",1,2037,53.7475257982048
"CLEWSity","PWRHYD001",1,2038,57.2953257982048
"CLEWSity","PWRHYD001",1,2039,60.8431257982048
"CLEWSity","PWRHYD001",1,2040,64.3909257982048
"CLEWSity","PWRHYD001",1,2041,67.9387257982048
"CLEWSity","PWRHYD001",1,2042,71.4865257982048
"CLEWSity","PWRHYD001",1,2043,72.5494805748525
"CLEWSity","PWRHYD001",1,2044,73.3488982294723
"CLEWSity","PWRHYD001",1,2045,76.8966982294722
"CLEWSity","PWRHYD001",1,2046,80.4444982294723
"CLEWSity","PWRHYD001",1,2047,83.0162219964952
"CLEWSity","PWRHYD001",1,2048,83.4790245342263
"CLEWSity","PWRHYD001",1,2049,85.1472
"CLEWSity","PWRHYD001",1,2050,85.1472000000001
"CLEWSity","PWRHYD001",1,2051,85.1472
"CLEWSity","PWRHYD001",1,2052,85.1472
"CLEWSity","PWRHYD001",1,2053,85.1472
"CLEWSity","PWRHYD001",1,2054,85.1472
"CLEWSity","PWRHYD001",1,2055,85.1472
"CLEWSity","PWRSOL001",1,2020,0.49275
"CLEWSity","PWRSOL001",1,2021,0.49275
"CLEWSity","PWRSOL001",1,2022,0.49275
"CLEWSity","PWRSOL001",1,2023,0.49275
"CLEWSity","PWRSOL001",1,2024,0.49275
"CLEWSity","PWRSOL001",1,2025,0.49275
"CLEWSity","PWRSOL001",1,2026,0.9855
"CLEWSity","PWRSOL001",1,2027,1.47825
"CLEWSity","PWRSOL001",1,2028,1.971
"CLEWSity","PWRSOL001",1,2029,2.46375
"CLEWSity","PWRSOL001",1,2030,2.9565
"CLEWSity","PWRSOL001",1,2031,3.44925
"CLEWSity","PWRSOL001",1,2032,3.942
"CLEWSity","PWRSOL001",1,2033,4.43475
"CLEWSity","PWRSOL001",1,2034,4.9275
"CLEWSity","PWRSOL001",1,2035,5.173875
"CLEWSity","PWRSOL001",1,2036,5.666625
"CLEWSity","PWRSOL001",1,2037,6.159375
"CLEWSity","PWRSOL001",1,2038,6.652125
"CLEWSity","PWRSOL001",1,2039,7.144875
"CLEWSity","PWRSOL001",1,2040,7.637625
"CLEWSity","PWRSOL001",1,2041,8.130375
"CLEWSity","PWRSOL001",1,2042,8.623125
"CLEWSity","PWRSOL001",1,2043,9.115875
"CLEWSity","PWRSOL001",1,2044,9.608625
"CLEWSity","PWRSOL001",1,2045,10.101375
"CLEWSity","PWRSOL001",1,2046,10.594125
"CLEWSity","PWRSOL001",1,2047,14.2087829687722
"CLEWSity","PWRSOL001",1,2048,19.3507391317266
"CLEWSity","PWRSOL001",1,2049,24.2707341273633
"CLEWSity","PWRSOL001",1,2050,30.8287040287113
"CLEWSity","PWRSOL001",1,2051,32.669325
"CLEWSity","PWRSOL001",1,2052,32.669325
"CLEWSity","PWRSOL001",1,2053,32.669325
"CLEWSity","PWRSOL001",1,2054,32.669325
"CLEWSity","PWRSOL001",1,2055,32.669325
"CLEWSity","PWRTRN001",1,2020,74.5962885593264
"CLEWSity","PWRTRN001",1,2021,78.2183297165779
"CLEWSity","PWRTRN001",1,2022,83.0121634862863
"CLEWSity","PWRTRN001",1,2023,86.4377970437377
"CLEWSity","PWRTRN001",1,2024,91.1235410064053
"CLEWSity","PWRTRN001",1,2025,94.8181703335945
"CLEWSity","PWRTRN001",1,2026,99.0024012002811
"CLEWSity","PWRTRN001",1,2027,103.160283024392
"CLEWSity","PWRTRN001",1,2028,107.318475417221
"CLEWSity","PWRTRN001",1,2029,111.484896997889
"CLEWSity","PWRTRN001",1,2030,116.793783937727
"CLEWSity","PWRTRN001",1,2031,120.939229732733
"CLEWSity","PWRTRN001",1,2032,126.266593303792
"CLEWSity","PWRTRN001",1,2033,130.461595551441
"CLEWSity","PWRTRN001",1,2034,135.776393970809
"CLEWSity","PWRTRN001",1,2035,141.389265215888
"CLEWSity","PWRTRN001",1,2036,146.792030085264
"CLEWSity","PWRTRN001",1,2037,152.109120924107
"CLEWSity","PWRTRN001",1,2038,157.522804092418
"CLEWSity","PWRTRN001",1,2039,163.857966643094
"CLEWSity","PWRTRN001",1,2040,169.25514752478
"CLEWSity","PWRTRN001",1,2041,175.660184410817
"CLEWSity","PWRTRN001",1,2042,182.095957664273
"CLEWSity","PWRTRN001",1,2043,188.47609135714
"CLEWSity","PWRTRN001",1,2044,194.965355542329
"CLEWSity","PWRTRN001",1,2045,201.502955733119
"CLEWSity","PWRTRN001",1,2046,207.721433386771
"CLEWSity","PWRTRN001",1,2047,211.799333977208
"CLEWSity","PWRTRN001",1,2048,213.121696455436
"CLEWSity","PWRTRN001",1,2049,215.656098995063
"CLEWSity","PWRTRN001",1,2050,216.518817493488
"CLEWSity","PWRTRN001",1,2051,221.529743827909
"CLEWSity","PWRTRN001",1,2052,229.708436693965
"CLEWSity","PWRTRN001",1,2053,237.897276680035
"CLEWSity","PWRTRN001",1,2054,244.98086225662
"CLEWSity","PWRTRN001",1,2055,253.185962653782
"CLEWSity","PWRWND001",1,2020,0.49275
"CLEWSity","PWRWND001",1,2021,0.49275
"CLEWSity","PWRWND001",1,2022,0.49275
"CLEWSity","PWRWND001",1,2023,0.49275
"CLEWSity","PWRWND001",1,2024,0.49275
"CLEWSity","PWRWND001",1,2025,0.49275
"CLEWSity","PWRWND001",1,2026,0.9855
"CLEWSity","PWRWND001",1,2027,1.47825
"CLEWSity","PWRWND001",1,2028,1.971
"CLEWSity","PWRWND001",1,2029,2.46375
"CLEWSity","PWRWND001",1,2030,2.9565
"CLEWSity","PWRWND001",1,2031,3.44925
"CLEWSity","PWRWND001",1,2032,3.942
"CLEWSity","PWRWND001",1,2033,4.43475
"CLEWSity","PWRWND001",1,2034,4.9275
"CLEWSity","PWRWND001",1,2035,5.173875
"CLEWSity","PWRWND001",1,2036,5.56433570901746
"CLEWSity","PWRWND001",1,2037,6.05708570901747
"CLEWSity","PWRWND001",1,2038,5.20887028294173
"CLEWSity","PWRWND001",1,2039,5.40829410249582
"CLEWSity","PWRWND001",1,2040,7.53533570901746
"CLEWSity","PWRWND001",1,2041,8.02808570901747
"CLEWSity","PWRWND001",1,2042,8.52083570901747
"CLEWSity","PWRWND001",1,2043,9.01358570901747
"CLEWSity","PWRWND001",1,2044,9.50633570901747
"CLEWSity","PWRWND001",1,2045,9.99908570901747
"CLEWSity","PWRWND001",1,2046,10.4918357090175
"CLEWSity","PWRWND001",1,2047,10.9845857090175
"CLEWSity","PWRWND001",1,2048,11.4773357090175
"CLEWSity","PWRWND001",1,2049,11.9700857090175
"CLEWSity","PWRWND001",1,2050,12.4628357090175
"CLEWSity","PWRWND001",1,2051,17.0169556031157
"CLEWSity","PWRWND001",1,2052,24.7281818958436
"CLEWSity","PWRWND001",1,2053,32.453125487094
"CLEWSity","PWRWND001",1,2054,39.0783085435532
"CLEWSity","PWRWND001",1,2055,46.4275159895348
"CLEWSity","WATAGR001",1,2020,0.351899119165739
"CLEWSity","WATAGR001",1,2021,0.413608136076689
"CLEWSity","WATAGR001",1,2022,0.510507096497074
"CLEWSity","WATAGR001",1,2023,0.486208700578523
"CLEWSity","WATAGR001",1,2024,0.52341455999872
"CLEWSity","WATAGR001",1,2025,0.623284177058824
"CLEWSity","WATAGR001",1,2026,0.676668348703581
"CLEWSity","WATAGR001",1,2027,0.720516884699753
"CLEWSity","WATAGR001",1,2028,0.773595457353324
"CLEWSity","WATAGR001",1,2029,0.816270856754217
"CLEWSity","WATAGR001",1,2030,0.868647101023387
"CLEWSity","WATAGR001",1,2031,0.915737978717501
"CLEWSity","WATAGR001",1,2032,0.972837690258635
"CLEWSity","WATAGR001",1,2033,1.01865352401631
"CLEWSity","WATAGR001",1,2034,1.08641901292249
"CLEWSity","WATAGR001",1,2035,1.13907708438819
"CLEWSity","WATAGR001",1,2036,1.21775050469225
"CLEWSity","WATAGR001",1,2037,1.27976085940984
"CLEWSity","WATAGR001",1,2038,1.36004377424981
"CLEWSity","WATAGR001",1,2039,1.35521655357247
"CLEWSity","WATAGR001",1,2040,1.44941930168143
"CLEWSity","WATAGR001",1,2041,1.47102059014883
"CLEWSity","WATAGR001",1,2042,1.50183720663412
"CLEWSity","WATAGR001",1,2043,1.53295364847591
"CLEWSity","WATAGR001",1,2044,1.58041968951479
"CLEWSity","WATAGR001",1,2045,1.64643557786576
"CLEWSity","WATAGR001",1,2046,1.60453141606244
"CLEWSity","WATAGR001",1,2047,1.62388761227195
"CLEWSity","WATAGR001",1,2048,1.66234537295839
"CLEWSity","WATAGR001",1,2049,1.66890676122133
"CLEWSity","WATAGR001",1,2050,1.70341155143052
"CLEWSity","WATAGR001",1,2051,1.74456397151374
"CLEWSity","WATAGR001",1,2052,1.78670420559837
"CLEWSity","WATAGR001",1,2053,1.82938599370926
"CLEWSity","WATAGR001",1,2054,1.87090516426448
"CLEWSity","WATAGR001",1,2055,1.91395262920032
"CLEWSity","WATELC001",1,2020,0.0239256471440368
"CLEWSity","WATELC001",1,2021,0.0259790246496095
"CLEWSity","WATELC001",1,2022,0.0283455300211693
"CLEWSity","WATELC001",1,2023,0.030267358642355
"CLEWSity","WATELC001",1,2024,0.0328964645635914
"CLEWSity","WATELC001",1,2025,0.0345462161064227
"CLEWSity","WATELC001",1,2026,0.0360337344206959
"CLEWSity","WATELC001",1,2027,0.0361007096281038
"CLEWSity","WATELC001",1,2028,0.0375975173179894
"CLEWSity","WATELC001",1,2029,0.0376480191269215
"CLEWSity","WATELC001",1,2030,0.0385584861438953
"CLEWSity","WATELC001",1,2031,0.03791601363518
"CLEWSity","WATELC001",1,2032,0.0383442718505678
"CLEWSity","WATELC001",1,2033,0.0381794744664566
"CLEWSity","WATELC001",1,2034,0.038176690981319
"CLEWSity","WATELC001",1,2035,0.0405093355498116
"CLEWSity","WATELC001",1,2036,0.042885105074072
"CLEWSity","WATELC001",1,2037,0.0446280926185609
"CLEWSity","WATELC001",1,2038,0.0459005868394084
"CLEWSity","WATELC001",1,2039,0.0470441792649785
"CLEWSity","WATELC001",1,2040,0.0468994242005545
"CLEWSity","WATELC001",1,2041,0.0479082497452326
"CLEWSity","WATELC001",1,2042,0.0489315251939365
"CLEWSity","WATELC001",1,2043,0.0506022786323819
"CLEWSity","WATELC001",1,2044,0.0535636379265768
"CLEWSity","WATELC001",1,2045,0.0550107920144213
"CLEWSity","WATELC001",1,2046,0.0556407191865763
"CLEWSity","WATELC001",1,2047,0.0562214469168474
"CLEWSity","WATELC001",1,2048,0.0564316413771323
"CLEWSity","WATELC001",1,2049,0.0560162601481257
"CLEWSity","WATELC001",1,2050,0.0562259089638998
"CLEWSity","WATELC001",1,2051,0.0564847659467489
"CLEWSity","WATELC001",1,2052,0.0567496636716352
"CLEWSity","WATELC001",1,2053,0.0570125382953664
"CLEWSity","WATELC001",1,2054,0.0572722997234378
"CLEWSity","WATELC001",1,2055,0.0577573057291065
"CLEWSity","WATSUR001",1,2020,1.05207476630977
"CLEWSity","WATSUR001",1,2021,1.40542487098238
"CLEWSity","WATSUR001",1,2022,1.30675386108614
"CLEWSity","WATSUR001",1,2023,33.3242206409855
"CLEWSity","WATSUR001",1,2024,33.8367414192961
"CLEWSity","WATSUR001",1,2025,66.0030371268668
"CLEWSity","WATSUR001",1,2026,2.00218826147211
"CLEWSity","WATSUR001",1,2027,33.9459851718124
"CLEWSity","WATSUR001",1,2028,2.19151803641344
"CLEWSity","WATSUR001",1,2029,99.4550047658137
"CLEWSity","WATSUR001",1,2030,132.314498727164
"CLEWSity","WATSUR001",1,2031,2.56376342613191
"CLEWSity","WATSUR001",1,2032,2.80001626094889
"CLEWSity","WATSUR001",1,2033,2.92288696687266
"CLEWSity","WATSUR001",1,2034,133.993793512721
"CLEWSity","WATSUR001",1,2035,101.63293817203
"CLEWSity","WATSUR001",1,2036,134.828950404084
"CLEWSity","WATSUR001",1,2037,3.51629020573979
"CLEWSity","WATSUR001",1,2038,3.13152575643805
"CLEWSity","WATSUR001",1,2039,69.470243131971
"CLEWSity","WATSUR001",1,2040,69.8319782626862
"CLEWSity","WATSUR001",1,2041,137.379577190194
"CLEWSity","WATSUR001",1,2042,4.26069425424517
"CLEWSity","WATSUR001",1,2043,70.7309038764078
"CLEWSity","WATSUR001",1,2044,71.0044587653776
"CLEWSity","WATSUR001",1,2045,105.681348722644
"CLEWSity","WATSUR001",1,2046,140.050481066022
"CLEWSity","WATSUR001",1,2047,4.61844502724915
"CLEWSity","WATSUR001",1,2048,140.869412216536
"CLEWSity","WATSUR001",1,2049,4.35825635470279
"CLEWSity","WATSUR001",1,2050,5.01293910847336
"CLEWSity","WATSUR001",1,2051,142.312026932695
"CLEWSity","WATSUR001",1,2052,142.895718903215
"CLEWSity","WATSUR001",1,2053,5.38438695838658
"CLEWSity","WATSUR001",1,2054,5.14309543707001
"CLEWSity","WATSUR001",1,2055,5.28310499730272
"CLEWSity","WATTRN001",1,2020,0.67625
"CLEWSity","WATTRN001",1,2021,0.72625
"CLEWSity","WATTRN001",1,2022,0.767901234567901
"CLEWSity","WATTRN001",1,2023,0.819753086419753
"CLEWSity","WATTRN001",1,2024,0.872839506172839
"CLEWSity","WATTRN001",1,2025,0.917073170731707
"CLEWSity","WATTRN001",1,2026,0.974390243902439
"CLEWSity","WATTRN001",1,2027,1.03170731707317
"CLEWSity","WATTRN001",1,2028,1.07951807228916
"CLEWSity","WATTRN001",1,2029,1.14096385542169
"CLEWSity","WATTRN001",1,2030,1.20481927710843
"CLEWSity","WATTRN001",1,2031,1.25476190476191
"CLEWSity","WATTRN001",1,2032,1.32142857142857
"CLEWSity","WATTRN001",1,2033,1.39047619047619
"CLEWSity","WATTRN001",1,2034,1.44352941176471
"CLEWSity","WATTRN001",1,2035,1.51647058823529
"CLEWSity","WATTRN001",1,2036,1.59058823529412
"CLEWSity","WATTRN001",1,2037,1.64767441860465
"CLEWSity","WATTRN001",1,2038,1.72558139534884
"CLEWSity","WATTRN001",1,2039,1.80697674418605
"CLEWSity","WATTRN001",1,2040,1.86781609195402
"CLEWSity","WATTRN001",1,2041,1.95172413793103
"CLEWSity","WATTRN001",1,2042,2.03908045977011
"CLEWSity","WATTRN001",1,2043,2.10454545454545
"CLEWSity","WATTRN001",1,2044,2.19545454545455
"CLEWSity","WATTRN001",1,2045,2.28977272727273
"CLEWSity","WATTRN001",1,2046,2.35955056179775
"CLEWSity","WATTRN001",1,2047,2.45730337078652
"CLEWSity","WATTRN001",1,2048,2.55842696629214
"CLEWSity","WATTRN001",1,2049,2.63333333333333
"CLEWSity","WATTRN001",1,2050,2.73888888888889
"CLEWSity","WATTRN001",1,2051,2.84444444444444
"CLEWSity","WATTRN001",1,2052,2.95333333333333
"CLEWSity","WATTRN001",1,2053,3.06555555555556
"CLEWSity","WATTRN001",1,2054,3.18111111111111
"CLEWSity","WATTRN001",1,2055,3.29888888888889
