REGION,TECHNOLOGY,EMISSION,MODE_OF_OPERATION,YEAR,VALUE
"CLEWSity","AGRPST001","CH4",1,2020,0.276156325301205
"CLEWSity","AGRPST001","CH4",1,2021,0.21217413253012
"CLEWSity","AGRPST001","CH4",1,2022,0.216334409638554
"CLEWSity","AGRPST001","CH4",1,2023,0.220494686746988
"CLEWSity","AGRPST001","CH4",1,2024,0.224654963855422
"CLEWSity","AGRPST001","CH4",1,2025,0.230202
"CLEWSity","AGRPST001","CH4",1,2026,0.234362277108434
"CLEWSity","AGRPST001","CH4",1,2027,0.238522554216867
"CLEWSity","AGRPST001","CH4",1,2028,0.244069590361446
"CLEWSity","AGRPST001","CH4",1,2029,0.24822986746988
"CLEWSity","AGRPST001","CH4",1,2030,0.253776903614458
"CLEWSity","AGRPST001","CH4",1,2031,0.259323939759036
"CLEWSity","AGRPST001","CH4",1,2032,0.26348421686747
"CLEWSity","AGRPST001","CH4",1,2033,0.269031253012048
"CLEWSity","AGRPST001","CH4",1,2034,0.274578289156626
"CLEWSity","AGRPST001","CH4",1,2035,0.280125325301205
"CLEWSity","AGRPST001","CH4",1,2036,0.285672361445783
"CLEWSity","AGRPST001","CH4",1,2037,0.291219397590361
"CLEWSity","AGRPST001","CH4",1,2038,0.29676643373494
"CLEWSity","AGRPST001","CH4",1,2039,0.303700228915663
"CLEWSity","AGRPST001","CH4",1,2040,0.309247265060241
"CLEWSity","AGRPST001","CH4",1,2041,0.314794301204819
"CLEWSity","AGRPST001","CH4",1,2042,0.321728096385542
"CLEWSity","AGRPST001","CH4",1,2043,0.328661891566265
"CLEWSity","AGRPST001","CH4",1,2044,0.334208927710843
"CLEWSity","AGRPST001","CH4",1,2045,0.341142722891566
"CLEWSity","AGRPST001","CH4",1,2046,0.348076518072289
"CLEWSity","AGRPST001","CH4",1,2047,0.355010313253012
"CLEWSity","AGRPST001","CH4",1,2048,0.361944108433735
"CLEWSity","AGRPST001","CH4",1,2049,0.368877903614458
"CLEWSity","AGRPST001","CH4",1,2050,0.377198457831325
"CLEWSity","AGRPST001","CH4",1,2051,0.384132253012048
"CLEWSity","AGRPST001","CH4",1,2052,0.392452807228916
"CLEWSity","AGRPST001","CH4",1,2053,0.399386602409639
"CLEWSity","AGRPST001","CH4",1,2054,0.407707156626506
"CLEWSity","AGRPST001","CH4",1,2055,0.416027710843374
"CLEWSity","AGRPST001","CO2EQ",1,2020,7.73237710843373
"CLEWSity","AGRPST001","CO2EQ",1,2021,5.91526848795181
"CLEWSity","AGRPST001","CO2EQ",1,2022,6.03125414457831
"CLEWSity","AGRPST001","CO2EQ",1,2023,6.14723980120482
"CLEWSity","AGRPST001","CO2EQ",1,2024,6.26322545783132
"CLEWSity","AGRPST001","CO2EQ",1,2025,6.417873
"CLEWSity","AGRPST001","CO2EQ",1,2026,6.53385865662651
"CLEWSity","AGRPST001","CO2EQ",1,2027,6.64984431325301
"CLEWSity","AGRPST001","CO2EQ",1,2028,6.80449185542169
"CLEWSity","AGRPST001","CO2EQ",1,2029,6.92047751204819
"CLEWSity","AGRPST001","CO2EQ",1,2030,7.07512505421686
"CLEWSity","AGRPST001","CO2EQ",1,2031,7.22977259638554
"CLEWSity","AGRPST001","CO2EQ",1,2032,7.34575825301205
"CLEWSity","AGRPST001","CO2EQ",1,2033,7.50040579518072
"CLEWSity","AGRPST001","CO2EQ",1,2034,7.6550533373494
"CLEWSity","AGRPST001","CO2EQ",1,2035,7.80970087951807
"CLEWSity","AGRPST001","CO2EQ",1,2036,7.96434842168675
"CLEWSity","AGRPST001","CO2EQ",1,2037,8.11899596385542
"CLEWSity","AGRPST001","CO2EQ",1,2038,8.27364350602409
"CLEWSity","AGRPST001","CO2EQ",1,2039,8.46695293373494
"CLEWSity","AGRPST001","CO2EQ",1,2040,8.62160047590362
"CLEWSity","AGRPST001","CO2EQ",1,2041,8.77624801807229
"CLEWSity","AGRPST001","CO2EQ",1,2042,8.96955744578313
"CLEWSity","AGRPST001","CO2EQ",1,2043,9.16286687349398
"CLEWSity","AGRPST001","CO2EQ",1,2044,9.31751441566265
"CLEWSity","AGRPST001","CO2EQ",1,2045,9.51082384337349
"CLEWSity","AGRPST001","CO2EQ",1,2046,9.70413327108434
"CLEWSity","AGRPST001","CO2EQ",1,2047,9.89744269879519
"CLEWSity","AGRPST001","CO2EQ",1,2048,10.090752126506
"CLEWSity","AGRPST001","CO2EQ",1,2049,10.2840615542169
"CLEWSity","AGRPST001","CO2EQ",1,2050,10.5160328674699
"CLEWSity","AGRPST001","CO2EQ",1,2051,10.7093422951807
"CLEWSity","AGRPST001","CO2EQ",1,2052,10.9413136084337
"CLEWSity","AGRPST001","CO2EQ",1,2053,11.1346230361446
"CLEWSity","AGRPST001","CO2EQ",1,2054,11.3665943493976
"CLEWSity","AGRPST001","CO2EQ",1,2055,11.5985656626506
"CLEWSity","FORWOO001","CH4",1,2020,0.00027123
"CLEWSity","FORWOO001","CH4",1,2021,0.00027666
"CLEWSity","FORWOO001","CH4",1,2022,0.00028221
"CLEWSity","FORWOO001","CH4",1,2023,0.00028785
"CLEWSity","FORWOO001","CH4",1,2024,0.00029361
"CLEWSity","FORWOO001","CH4",1,2025,0.00029946
"CLEWSity","FORWOO001","CH4",1,2026,0.00030546
"CLEWSity","FORWOO001","CH4",1,2027,0.00031158
"CLEWSity","FORWOO001","CH4",1,2028,0.00031779
"CLEWSity","FORWOO001","CH4",1,2029,0.00032415
"CLEWSity","FORWOO001","CH4",1,2030,0.00033063
"CLEWSity","FORWOO001","CH4",1,2031,0.00033726
"CLEWSity","FORWOO001","CH4",1,2032,0.00034401
"CLEWSity","FORWOO001","CH4",1,2033,0.00035088
"CLEWSity","FORWOO001","CH4",1,2034,0.0003579
"CLEWSity","FORWOO001","CH4",1,2035,0.00036504
"CLEWSity","FORWOO001","CH4",1,2036,0.00037236
"CLEWSity","FORWOO001","CH4",1,2037,0.0003798
"CLEWSity","FORWOO001","CH4",1,2038,0.00038739
"CLEWSity","FORWOO001","CH4",1,2039,0.00039516
"CLEWSity","FORWOO001","CH4",1,2040,0.00040305
"CLEWSity","FORWOO001","CH4",1,2041,0.00041112
"CLEWSity","FORWOO001","CH4",1,2042,0.00041934
"CLEWSity","FORWOO001","CH4",1,2043,0.00042771
"CLEWSity","FORWOO001","CH4",1,2044,0.00043626
"CLEWSity","FORWOO001","CH4",1,2045,0.00044499
"CLEWSity","FORWOO001","CH4",1,2046,0.0004539
"CLEWSity","FORWOO001","CH4",1,2047,0.00046299
"CLEWSity","FORWOO001","CH4",1,2048,0.00047223
"CLEWSity","FORWOO001","CH4",1,2049,0.00048168
"CLEWSity","FORWOO001","CH4",1,2050,0.00049131
"CLEWSity","FORWOO001","CH4",1,2051,0.00050115
"CLEWSity","FORWOO001","CH4",1,2052,0.00051117
"CLEWSity","FORWOO001","CH4",1,2053,0.0005214
"CLEWSity","FORWOO001","CH4",1,2054,0.00053181
"CLEWSity","FORWOO001","CH4",1,2055,0.00054246
"CLEWSity","FORWOO001","CO2",1,2020,1.012592
"CLEWSity","FORWOO001","CO2",1,2021,1.032864
"CLEWSity","FORWOO001","CO2",1,2022,1.053584
"CLEWSity","FORWOO001","CO2",1,2023,1.07464
"CLEWSity","FORWOO001","CO2",1,2024,1.096144
"CLEWSity","FORWOO001","CO2",1,2025,1.117984
"CLEWSity","FORWOO001","CO2",1,2026,1.140384
"CLEWSity","FORWOO001","CO2",1,2027,1.163232
"CLEWSity","FORWOO001","CO2",1,2028,1.186416
"CLEWSity","FORWOO001","CO2",1,2029,1.21016
"CLEWSity","FORWOO001","CO2",1,2030,1.234352
"CLEWSity","FORWOO001","CO2",1,2031,1.259104
"CLEWSity","FORWOO001","CO2",1,2032,1.284304
"CLEWSity","FORWOO001","CO2",1,2033,1.309952
"CLEWSity","FORWOO001","CO2",1,2034,1.33616
"CLEWSity","FORWOO001","CO2",1,2035,1.362816
"CLEWSity","FORWOO001","CO2",1,2036,1.390144
"CLEWSity","FORWOO001","CO2",1,2037,1.41792
"CLEWSity","FORWOO001","CO2",1,2038,1.446256
"CLEWSity","FORWOO001","CO2",1,2039,1.475264
"CLEWSity","FORWOO001","CO2",1,2040,1.50472
"CLEWSity","FORWOO001","CO2",1,2041,1.534848
"CLEWSity","FORWOO001","CO2",1,2042,1.565536
"CLEWSity","FORWOO001","CO2",1,2043,1.596784
"CLEWSity","FORWOO001","CO2",1,2044,1.628704
"CLEWSity","FORWOO001","CO2",1,2045,1.661296
"CLEWSity","FORWOO001","CO2",1,2046,1.69456
"CLEWSity","FORWOO001","CO2",1,2047,1.728496
"CLEWSity","FORWOO001","CO2",1,2048,1.762992
"CLEWSity","FORWOO001","CO2",1,2049,1.798272
"CLEWSity","FORWOO001","CO2",1,2050,1.834224
"CLEWSity","FORWOO001","CO2",1,2051,1.87096
"CLEWSity","FORWOO001","CO2",1,2052,1.908368
"CLEWSity","FORWOO001","CO2",1,2053,1.94656
"CLEWSity","FORWOO001","CO2",1,2054,1.985424
"CLEWSity","FORWOO001","CO2",1,2055,2.025184
"CLEWSity","FORWOO001","CO2EQ",1,2020,1.093961
"CLEWSity","FORWOO001","CO2EQ",1,2021,1.115862
"CLEWSity","FORWOO001","CO2EQ",1,2022,1.138247
"CLEWSity","FORWOO001","CO2EQ",1,2023,1.160995
"CLEWSity","FORWOO001","CO2EQ",1,2024,1.184227
"CLEWSity","FORWOO001","CO2EQ",1,2025,1.207822
"CLEWSity","FORWOO001","CO2EQ",1,2026,1.232022
"CLEWSity","FORWOO001","CO2EQ",1,2027,1.256706
"CLEWSity","FORWOO001","CO2EQ",1,2028,1.281753
"CLEWSity","FORWOO001","CO2EQ",1,2029,1.307405
"CLEWSity","FORWOO001","CO2EQ",1,2030,1.333541
"CLEWSity","FORWOO001","CO2EQ",1,2031,1.360282
"CLEWSity","FORWOO001","CO2EQ",1,2032,1.387507
"CLEWSity","FORWOO001","CO2EQ",1,2033,1.415216
"CLEWSity","FORWOO001","CO2EQ",1,2034,1.44353
"CLEWSity","FORWOO001","CO2EQ",1,2035,1.472328
"CLEWSity","FORWOO001","CO2EQ",1,2036,1.501852
"CLEWSity","FORWOO001","CO2EQ",1,2037,1.53186
"CLEWSity","FORWOO001","CO2EQ",1,2038,1.562473
"CLEWSity","FORWOO001","CO2EQ",1,2039,1.593812
"CLEWSity","FORWOO001","CO2EQ",1,2040,1.625635
"CLEWSity","FORWOO001","CO2EQ",1,2041,1.658184
"CLEWSity","FORWOO001","CO2EQ",1,2042,1.691338
"CLEWSity","FORWOO001","CO2EQ",1,2043,1.725097
"CLEWSity","FORWOO001","CO2EQ",1,2044,1.759582
"CLEWSity","FORWOO001","CO2EQ",1,2045,1.794793
"CLEWSity","FORWOO001","CO2EQ",1,2046,1.83073
"CLEWSity","FORWOO001","CO2EQ",1,2047,1.867393
"CLEWSity","FORWOO001","CO2EQ",1,2048,1.904661
"CLEWSity","FORWOO001","CO2EQ",1,2049,1.942776
"CLEWSity","FORWOO001","CO2EQ",1,2050,1.981617
"CLEWSity","FORWOO001","CO2EQ",1,2051,2.021305
"CLEWSity","FORWOO001","CO2EQ",1,2052,2.061719
"CLEWSity","FORWOO001","CO2EQ",1,2053,2.10298
"CLEWSity","FORWOO001","CO2EQ",1,2054,2.144967
"CLEWSity","FORWOO001","CO2EQ",1,2055,2.187922
"CLEWSity","FORWOO001","N2O",1,2020,3.6164e-05
"CLEWSity","FORWOO001","N2O",1,2021,3.6888e-05
"CLEWSity","FORWOO001","N2O",1,2022,3.7628e-05
"CLEWSity","FORWOO001","N2O",1,2023,3.838e-05
"CLEWSity","FORWOO001","N2O",1,2024,3.9148e-05
"CLEWSity","FORWOO001","N2O",1,2025,3.9928e-05
"CLEWSity","FORWOO001","N2O",1,2026,4.0728e-05
"CLEWSity","FORWOO001","N2O",1,2027,4.1544e-05
"CLEWSity","FORWOO001","N2O",1,2028,4.2372e-05
"CLEWSity","FORWOO001","N2O",1,2029,4.322e-05
"CLEWSity","FORWOO001","N2O",1,2030,4.4084e-05
"CLEWSity","FORWOO001","N2O",1,2031,4.4968e-05
"CLEWSity","FORWOO001","N2O",1,2032,4.5868e-05
"CLEWSity","FORWOO001","N2O",1,2033,4.6784e-05
"CLEWSity","FORWOO001","N2O",1,2034,4.772e-05
"CLEWSity","FORWOO001","N2O",1,2035,4.8672e-05
"CLEWSity","FORWOO001","N2O",1,2036,4.9648e-05
"CLEWSity","FORWOO001","N2O",1,2037,5.064e-05
"CLEWSity","FORWOO001","N2O",1,2038,5.1652e-05
"CLEWSity","FORWOO001","N2O",1,2039,5.2688e-05
"CLEWSity","FORWOO001","N2O",1,2040,5.374e-05
"CLEWSity","FORWOO001","N2O",1,2041,5.4816e-05
"CLEWSity","FORWOO001","N2O",1,2042,5.5912e-05
"CLEWSity","FORWOO001","N2O",1,2043,5.7028e-05
"CLEWSity","FORWOO001","N2O",1,2044,5.8168e-05
"CLEWSity","FORWOO001","N2O",1,2045,5.9332e-05
"CLEWSity","FORWOO001","N2O",1,2046,6.052e-05
"CLEWSity","FORWOO001","N2O",1,2047,6.1732e-05
"CLEWSity","FORWOO001","N2O",1,2048,6.2964e-05
"CLEWSity","FORWOO001","N2O",1,2049,6.4224e-05
"CLEWSity","FORWOO001","N2O",1,2050,6.5508e-05
"CLEWSity","FORWOO001","N2O",1,2051,6.682e-05
"CLEWSity","FORWOO001","N2O",1,2052,6.8156e-05
"CLEWSity","FORWOO001","N2O",1,2053,6.952e-05
"CLEWSity","FORWOO001","N2O",1,2054,7.0908e-05
"CLEWSity","FORWOO001","N2O",1,2055,7.2328e-05
"CLEWSity","IMPDSL001","CH4",1,2020,2.0221985768155e-05
"CLEWSity","IMPDSL001","CH4",1,2021,3.16451007369024e-05
"CLEWSity","IMPDSL001","CH4",1,2022,4.38592156272159e-05
"CLEWSity","IMPDSL001","CH4",1,2023,5.63466465090738e-05
"CLEWSity","IMPDSL001","CH4",1,2024,6.84507481043525e-05
"CLEWSity","IMPDSL001","CH4",1,2025,7.31779201674706e-05
"CLEWSity","IMPDSL001","CH4",1,2026,5.00225811900608e-05
"CLEWSity","IMPDSL001","CH4",1,2027,4.45847048061101e-05
"CLEWSity","IMPDSL001","CH4",1,2028,5.2567856830586e-05
"CLEWSity","IMPDSL001","CH4",1,2029,5.18280773898709e-05
"CLEWSity","IMPDSL001","CH4",1,2030,7.30184724155964e-05
"CLEWSity","IMPDSL001","CH4",1,2031,5.69558612319524e-05
"CLEWSity","IMPDSL001","CH4",1,2032,4.47830742906929e-05
"CLEWSity","IMPDSL001","CH4",1,2033,2.87251601375041e-05
"CLEWSity","IMPDSL001","CH4",1,2034,1.6705154716991e-05
"CLEWSity","IMPDSL001","CH4",1,2035,1.19547459866821e-05
"CLEWSity","IMPDSL001","CH4",1,2036,1.22119460807997e-05
"CLEWSity","IMPDSL001","CH4",1,2037,1.23936930598162e-05
"CLEWSity","IMPDSL001","CH4",1,2038,1.26053577291069e-05
"CLEWSity","IMPDSL001","CH4",1,2039,1.34988816926842e-05
"CLEWSity","IMPDSL001","CH4",1,2040,2.96028883192751e-05
"CLEWSity","IMPDSL001","CH4",1,2041,2.18770258403029e-05
"CLEWSity","IMPDSL001","CH4",1,2042,1.41439473687425e-05
"CLEWSity","IMPDSL001","CH4",1,2043,1.44199949641395e-05
"CLEWSity","IMPDSL001","CH4",1,2044,1.46820463414043e-05
"CLEWSity","IMPDSL001","CH4",1,2045,1.47372218180076e-05
"CLEWSity","IMPDSL001","CH4",1,2046,1.57144751718529e-05
"CLEWSity","IMPDSL001","CH4",1,2047,1.605908167725e-05
"CLEWSity","IMPDSL001","CH4",1,2048,1.64036942703971e-05
"CLEWSity","IMPDSL001","CH4",1,2049,1.67437736699118e-05
"CLEWSity","IMPDSL001","CH4",1,2050,1.70883801753088e-05
"CLEWSity","IMPDSL001","CH4",1,2051,1.75086937669853e-05
"CLEWSity","IMPDSL001","CH4",1,2052,1.79337388709118e-05
"CLEWSity","IMPDSL001","CH4",1,2053,2.0749863770459e-05
"CLEWSity","IMPDSL001","CH4",1,2054,2.69848873991773e-05
"CLEWSity","IMPDSL001","CH4",1,2055,4.78583409648077e-05
"CLEWSity","IMPDSL001","CO2",1,2020,0.499483048473429
"CLEWSity","IMPDSL001","CO2",1,2021,0.781633988201489
"CLEWSity","IMPDSL001","CO2",1,2022,1.08332262599223
"CLEWSity","IMPDSL001","CO2",1,2023,1.39176216877412
"CLEWSity","IMPDSL001","CO2",1,2024,1.69073347817751
"CLEWSity","IMPDSL001","CO2",1,2025,1.80749462813652
"CLEWSity","IMPDSL001","CO2",1,2026,1.2355577553945
"CLEWSity","IMPDSL001","CO2",1,2027,1.10124220871092
"CLEWSity","IMPDSL001","CO2",1,2028,1.29842606371547
"CLEWSity","IMPDSL001","CO2",1,2029,1.28015351152981
"CLEWSity","IMPDSL001","CO2",1,2030,1.80355626866523
"CLEWSity","IMPDSL001","CO2",1,2031,1.40680977242922
"CLEWSity","IMPDSL001","CO2",1,2032,1.10614193498011
"CLEWSity","IMPDSL001","CO2",1,2033,0.709511455396352
"CLEWSity","IMPDSL001","CO2",1,2034,0.412617321509677
"CLEWSity","IMPDSL001","CO2",1,2035,0.295282225871048
"CLEWSity","IMPDSL001","CO2",1,2036,0.301635068195753
"CLEWSity","IMPDSL001","CO2",1,2037,0.30612421857746
"CLEWSity","IMPDSL001","CO2",1,2038,0.311352335908941
"CLEWSity","IMPDSL001","CO2",1,2039,0.333422377809301
"CLEWSity","IMPDSL001","CO2",1,2040,0.731191341486096
"CLEWSity","IMPDSL001","CO2",1,2041,0.540362538255481
"CLEWSity","IMPDSL001","CO2",1,2042,0.349355500007939
"CLEWSity","IMPDSL001","CO2",1,2043,0.356173875614247
"CLEWSity","IMPDSL001","CO2",1,2044,0.362646544632685
"CLEWSity","IMPDSL001","CO2",1,2045,0.364009378904787
"CLEWSity","IMPDSL001","CO2",1,2046,0.388147536744768
"CLEWSity","IMPDSL001","CO2",1,2047,0.396659317428075
"CLEWSity","IMPDSL001","CO2",1,2048,0.405171248478807
"CLEWSity","IMPDSL001","CO2",1,2049,0.413571209646821
"CLEWSity","IMPDSL001","CO2",1,2050,0.422082990330128
"CLEWSity","IMPDSL001","CO2",1,2051,0.432464736044537
"CLEWSity","IMPDSL001","CO2",1,2052,0.442963350111521
"CLEWSity","IMPDSL001","CO2",1,2053,0.512521635130337
"CLEWSity","IMPDSL001","CO2",1,2054,0.666526718759679
"CLEWSity","IMPDSL001","CO2",1,2055,1.18210102183075
"CLEWSity","IMPDSL001","CO2EQ",1,2020,0.50112102932065
"CLEWSity","IMPDSL001","CO2EQ",1,2021,0.784197241361179
"CLEWSity","IMPDSL001","CO2EQ",1,2022,1.08687522245804
"CLEWSity","IMPDSL001","CO2EQ",1,2023,1.39632624714136
"CLEWSity","IMPDSL001","CO2EQ",1,2024,1.69627798877396
"CLEWSity","IMPDSL001","CO2EQ",1,2025,1.81342203967009
"CLEWSity","IMPDSL001","CO2EQ",1,2026,1.2396095844709
"CLEWSity","IMPDSL001","CO2EQ",1,2027,1.10485356980021
"CLEWSity","IMPDSL001","CO2EQ",1,2028,1.30268406011875
"CLEWSity","IMPDSL001","CO2EQ",1,2029,1.28435158579839
"CLEWSity","IMPDSL001","CO2EQ",1,2030,1.80947076493089
"CLEWSity","IMPDSL001","CO2EQ",1,2031,1.41142319718901
"CLEWSity","IMPDSL001","CO2EQ",1,2032,1.10976936399766
"CLEWSity","IMPDSL001","CO2EQ",1,2033,0.71183819336749
"CLEWSity","IMPDSL001","CO2EQ",1,2034,0.413970439041754
"CLEWSity","IMPDSL001","CO2EQ",1,2035,0.296250560295969
"CLEWSity","IMPDSL001","CO2EQ",1,2036,0.302624235828298
"CLEWSity","IMPDSL001","CO2EQ",1,2037,0.307128107715305
"CLEWSity","IMPDSL001","CO2EQ",1,2038,0.312373369884999
"CLEWSity","IMPDSL001","CO2EQ",1,2039,0.334515787226408
"CLEWSity","IMPDSL001","CO2EQ",1,2040,0.733589175439957
"CLEWSity","IMPDSL001","CO2EQ",1,2041,0.542134577348545
"CLEWSity","IMPDSL001","CO2EQ",1,2042,0.350501159744808
"CLEWSity","IMPDSL001","CO2EQ",1,2043,0.357341895206342
"CLEWSity","IMPDSL001","CO2EQ",1,2044,0.363835790386339
"CLEWSity","IMPDSL001","CO2EQ",1,2045,0.365203093872045
"CLEWSity","IMPDSL001","CO2EQ",1,2046,0.389420409233688
"CLEWSity","IMPDSL001","CO2EQ",1,2047,0.397960103043932
"CLEWSity","IMPDSL001","CO2EQ",1,2048,0.40649994771471
"CLEWSity","IMPDSL001","CO2EQ",1,2049,0.414927455314084
"CLEWSity","IMPDSL001","CO2EQ",1,2050,0.423467149124328
"CLEWSity","IMPDSL001","CO2EQ",1,2051,0.433882940239663
"CLEWSity","IMPDSL001","CO2EQ",1,2052,0.444415982960065
"CLEWSity","IMPDSL001","CO2EQ",1,2053,0.514202374095744
"CLEWSity","IMPDSL001","CO2EQ",1,2054,0.668712494639012
"CLEWSity","IMPDSL001","CO2EQ",1,2055,1.1859775474489
"CLEWSity","IMPDSL001","N2O",1,2020,6.74066192271835e-06
"CLEWSity","IMPDSL001","N2O",1,2021,1.05483669123008e-05
"CLEWSity","IMPDSL001","N2O",1,2022,1.46197385424053e-05
"CLEWSity","IMPDSL001","N2O",1,2023,1.87822155030246e-05
"CLEWSity","IMPDSL001","N2O",1,2024,2.28169160347842e-05
"CLEWSity","IMPDSL001","N2O",1,2025,2.43926400558235e-05
"CLEWSity","IMPDSL001","N2O",1,2026,1.66741937300202e-05
"CLEWSity","IMPDSL001","N2O",1,2027,1.48615682687034e-05
"CLEWSity","IMPDSL001","N2O",1,2028,1.75226189435287e-05
"CLEWSity","IMPDSL001","N2O",1,2029,1.72760257966236e-05
"CLEWSity","IMPDSL001","N2O",1,2030,2.43394908051988e-05
"CLEWSity","IMPDSL001","N2O",1,2031,1.89852870773175e-05
"CLEWSity","IMPDSL001","N2O",1,2032,1.4927691430231e-05
"CLEWSity","IMPDSL001","N2O",1,2033,9.57505337916804e-06
"CLEWSity","IMPDSL001","N2O",1,2034,5.56838490566366e-06
"CLEWSity","IMPDSL001","N2O",1,2035,3.98491532889403e-06
"CLEWSity","IMPDSL001","N2O",1,2036,4.07064869359991e-06
"CLEWSity","IMPDSL001","N2O",1,2037,4.13123101993873e-06
"CLEWSity","IMPDSL001","N2O",1,2038,4.20178590970231e-06
"CLEWSity","IMPDSL001","N2O",1,2039,4.49962723089475e-06
"CLEWSity","IMPDSL001","N2O",1,2040,9.86762943975838e-06
"CLEWSity","IMPDSL001","N2O",1,2041,7.29234194676762e-06
"CLEWSity","IMPDSL001","N2O",1,2042,4.71464912291416e-06
"CLEWSity","IMPDSL001","N2O",1,2043,4.80666498804651e-06
"CLEWSity","IMPDSL001","N2O",1,2044,4.89401544713475e-06
"CLEWSity","IMPDSL001","N2O",1,2045,4.91240727266919e-06
"CLEWSity","IMPDSL001","N2O",1,2046,5.23815839061765e-06
"CLEWSity","IMPDSL001","N2O",1,2047,5.35302722575e-06
"CLEWSity","IMPDSL001","N2O",1,2048,5.46789809013235e-06
"CLEWSity","IMPDSL001","N2O",1,2049,5.58125788997059e-06
"CLEWSity","IMPDSL001","N2O",1,2050,5.69612672510294e-06
"CLEWSity","IMPDSL001","N2O",1,2051,5.83623125566177e-06
"CLEWSity","IMPDSL001","N2O",1,2052,5.97791295697059e-06
"CLEWSity","IMPDSL001","N2O",1,2053,6.91662125681966e-06
"CLEWSity","IMPDSL001","N2O",1,2054,8.99496246639243e-06
"CLEWSity","IMPDSL001","N2O",1,2055,1.59527803216026e-05
"CLEWSity","IMPGSL001","CH4",1,2020,5.17938122171946e-06
"CLEWSity","IMPGSL001","CH4",1,2021,5.17113899396591e-06
"CLEWSity","IMPGSL001","CH4",1,2022,5.11027313958767e-06
"CLEWSity","IMPGSL001","CH4",1,2023,5.21562397244967e-06
"CLEWSity","IMPGSL001","CH4",1,2024,5.14336118758857e-06
"CLEWSity","IMPGSL001","CH4",1,2025,5.32403408373529e-06
"CLEWSity","IMPGSL001","CH4",1,2026,5.38239197869853e-06
"CLEWSity","IMPGSL001","CH4",1,2027,5.44301342660294e-06
"CLEWSity","IMPGSL001","CH4",1,2028,5.50137845980147e-06
"CLEWSity","IMPGSL001","CH4",1,2029,5.56436870770588e-06
"CLEWSity","IMPGSL001","CH4",1,2030,5.60313040241912e-06
"CLEWSity","IMPGSL001","CH4",1,2031,5.66990152475736e-06
"CLEWSity","IMPGSL001","CH4",1,2032,5.74613614004497e-06
"CLEWSity","IMPGSL001","CH4",1,2033,5.81527124652291e-06
"CLEWSity","IMPGSL001","CH4",1,2034,5.88204236886114e-06
"CLEWSity","IMPGSL001","CH4",1,2035,5.94654512239791e-06
"CLEWSity","IMPGSL001","CH4",1,2036,6.07514516945673e-06
"CLEWSity","IMPGSL001","CH4",1,2037,6.1709488695321e-06
"CLEWSity","IMPGSL001","CH4",1,2038,6.27994646379285e-06
"CLEWSity","IMPGSL001","CH4",1,2039,6.68247628449019e-06
"CLEWSity","IMPGSL001","CH4",1,2040,6.75463223492099e-06
"CLEWSity","IMPGSL001","CH4",1,2041,6.89345452649452e-06
"CLEWSity","IMPGSL001","CH4",1,2042,7.02764446512688e-06
"CLEWSity","IMPGSL001","CH4",1,2043,7.1688328878254e-06
"CLEWSity","IMPGSL001","CH4",1,2044,7.30302282645776e-06
"CLEWSity","IMPGSL001","CH4",1,2045,7.3470888843999e-06
"CLEWSity","IMPGSL001","CH4",1,2046,7.79511583592647e-06
"CLEWSity","IMPGSL001","CH4",1,2047,7.966068713625e-06
"CLEWSity","IMPGSL001","CH4",1,2048,8.13702426019853e-06
"CLEWSity","IMPGSL001","CH4",1,2049,8.30571358495588e-06
"CLEWSity","IMPGSL001","CH4",1,2050,8.47666646265441e-06
"CLEWSity","IMPGSL001","CH4",1,2051,8.68513500849265e-06
"CLEWSity","IMPGSL001","CH4",1,2052,8.89596968545588e-06
"CLEWSity","IMPGSL001","CH4",1,2053,9.1114393842353e-06
"CLEWSity","IMPGSL001","CH4",1,2054,9.32071533619853e-06
"CLEWSity","IMPGSL001","CH4",1,2055,1.07107648119252e-05
"CLEWSity","IMPGSL001","CO2",1,2020,0.119643706221719
"CLEWSity","IMPGSL001","CO2",1,2021,0.119453310760613
"CLEWSity","IMPGSL001","CO2",1,2022,0.118047309524475
"CLEWSity","IMPGSL001","CO2",1,2023,0.120480913763587
"CLEWSity","IMPGSL001","CO2",1,2024,0.118811643433296
"CLEWSity","IMPGSL001","CO2",1,2025,0.122985187334285
"CLEWSity","IMPGSL001","CO2",1,2026,0.124333254707936
"CLEWSity","IMPGSL001","CO2",1,2027,0.125733610154528
"CLEWSity","IMPGSL001","CO2",1,2028,0.127081842421414
"CLEWSity","IMPGSL001","CO2",1,2029,0.128536917148006
"CLEWSity","IMPGSL001","CO2",1,2030,0.129432312295882
"CLEWSity","IMPGSL001","CO2",1,2031,0.130974725221895
"CLEWSity","IMPGSL001","CO2",1,2032,0.132735744835039
"CLEWSity","IMPGSL001","CO2",1,2033,0.134332765794679
"CLEWSity","IMPGSL001","CO2",1,2034,0.135875178720692
"CLEWSity","IMPGSL001","CO2",1,2035,0.137365192327392
"CLEWSity","IMPGSL001","CO2",1,2036,0.14033585341445
"CLEWSity","IMPGSL001","CO2",1,2037,0.142548918886192
"CLEWSity","IMPGSL001","CO2",1,2038,0.145066763313615
"CLEWSity","IMPGSL001","CO2",1,2039,0.154365202171723
"CLEWSity","IMPGSL001","CO2",1,2040,0.156032004626675
"CLEWSity","IMPGSL001","CO2",1,2041,0.159238799562023
"CLEWSity","IMPGSL001","CO2",1,2042,0.162338587144431
"CLEWSity","IMPGSL001","CO2",1,2043,0.165600039708767
"CLEWSity","IMPGSL001","CO2",1,2044,0.168699827291174
"CLEWSity","IMPGSL001","CO2",1,2045,0.169717753229638
"CLEWSity","IMPGSL001","CO2",1,2046,0.180067175809902
"CLEWSity","IMPGSL001","CO2",1,2047,0.184016187284738
"CLEWSity","IMPGSL001","CO2",1,2048,0.187965260410586
"CLEWSity","IMPGSL001","CO2",1,2049,0.191861983812481
"CLEWSity","IMPGSL001","CO2",1,2050,0.195810995287317
"CLEWSity","IMPGSL001","CO2",1,2051,0.20062661869618
"CLEWSity","IMPGSL001","CO2",1,2052,0.205496899734031
"CLEWSity","IMPGSL001","CO2",1,2053,0.210474249775835
"CLEWSity","IMPGSL001","CO2",1,2054,0.215308524266186
"CLEWSity","IMPGSL001","CO2",1,2055,0.247418667155473
"CLEWSity","IMPGSL001","CO2EQ",1,2020,0.120063236100679
"CLEWSity","IMPGSL001","CO2EQ",1,2021,0.119872173019124
"CLEWSity","IMPGSL001","CO2EQ",1,2022,0.118461241648782
"CLEWSity","IMPGSL001","CO2EQ",1,2023,0.120903379305356
"CLEWSity","IMPGSL001","CO2EQ",1,2024,0.119228255689491
"CLEWSity","IMPGSL001","CO2EQ",1,2025,0.123416434095068
"CLEWSity","IMPGSL001","CO2EQ",1,2026,0.124769228458211
"CLEWSity","IMPGSL001","CO2EQ",1,2027,0.126174494242083
"CLEWSity","IMPGSL001","CO2EQ",1,2028,0.127527454076658
"CLEWSity","IMPGSL001","CO2EQ",1,2029,0.12898763101333
"CLEWSity","IMPGSL001","CO2EQ",1,2030,0.129886165858478
"CLEWSity","IMPGSL001","CO2EQ",1,2031,0.1314339872454
"CLEWSity","IMPGSL001","CO2EQ",1,2032,0.133201181862382
"CLEWSity","IMPGSL001","CO2EQ",1,2033,0.134803802765647
"CLEWSity","IMPGSL001","CO2EQ",1,2034,0.13635162415257
"CLEWSity","IMPGSL001","CO2EQ",1,2035,0.137846862482306
"CLEWSity","IMPGSL001","CO2EQ",1,2036,0.140827940173176
"CLEWSity","IMPGSL001","CO2EQ",1,2037,0.143048765744624
"CLEWSity","IMPGSL001","CO2EQ",1,2038,0.145575438977182
"CLEWSity","IMPGSL001","CO2EQ",1,2039,0.154906482750767
"CLEWSity","IMPGSL001","CO2EQ",1,2040,0.156579129837704
"CLEWSity","IMPGSL001","CO2EQ",1,2041,0.159797169378669
"CLEWSity","IMPGSL001","CO2EQ",1,2042,0.162907826346106
"CLEWSity","IMPGSL001","CO2EQ",1,2043,0.166180715172681
"CLEWSity","IMPGSL001","CO2EQ",1,2044,0.169291372140117
"CLEWSity","IMPGSL001","CO2EQ",1,2045,0.170312867429274
"CLEWSity","IMPGSL001","CO2EQ",1,2046,0.180698580192612
"CLEWSity","IMPGSL001","CO2EQ",1,2047,0.184661438850541
"CLEWSity","IMPGSL001","CO2EQ",1,2048,0.188624359375662
"CLEWSity","IMPGSL001","CO2EQ",1,2049,0.192534746612862
"CLEWSity","IMPGSL001","CO2EQ",1,2050,0.196497605270792
"CLEWSity","IMPGSL001","CO2EQ",1,2051,0.201330114631868
"CLEWSity","IMPGSL001","CO2EQ",1,2052,0.206217473278553
"CLEWSity","IMPGSL001","CO2EQ",1,2053,0.211212276365958
"CLEWSity","IMPGSL001","CO2EQ",1,2054,0.216063502208418
"CLEWSity","IMPGSL001","CO2EQ",1,2055,0.248286239105239
"CLEWSity","IMPGSL001","N2O",1,2020,1.72646040723982e-06
"CLEWSity","IMPGSL001","N2O",1,2021,1.72371299798864e-06
"CLEWSity","IMPGSL001","N2O",1,2022,1.70342437986256e-06
"CLEWSity","IMPGSL001","N2O",1,2023,1.73854132414989e-06
"CLEWSity","IMPGSL001","N2O",1,2024,1.71445372919619e-06
"CLEWSity","IMPGSL001","N2O",1,2025,1.77467802791176e-06
"CLEWSity","IMPGSL001","N2O",1,2026,1.79413065956618e-06
"CLEWSity","IMPGSL001","N2O",1,2027,1.81433780886765e-06
"CLEWSity","IMPGSL001","N2O",1,2028,1.83379281993382e-06
"CLEWSity","IMPGSL001","N2O",1,2029,1.85478956923529e-06
"CLEWSity","IMPGSL001","N2O",1,2030,1.86771013413971e-06
"CLEWSity","IMPGSL001","N2O",1,2031,1.88996717491912e-06
"CLEWSity","IMPGSL001","N2O",1,2032,1.91537871334832e-06
"CLEWSity","IMPGSL001","N2O",1,2033,1.93842374884097e-06
"CLEWSity","IMPGSL001","N2O",1,2034,1.96068078962038e-06
"CLEWSity","IMPGSL001","N2O",1,2035,1.98218170746597e-06
"CLEWSity","IMPGSL001","N2O",1,2036,2.02504838981891e-06
"CLEWSity","IMPGSL001","N2O",1,2037,2.0569829565107e-06
"CLEWSity","IMPGSL001","N2O",1,2038,2.09331548793095e-06
"CLEWSity","IMPGSL001","N2O",1,2039,2.22749209483006e-06
"CLEWSity","IMPGSL001","N2O",1,2040,2.251544078307e-06
"CLEWSity","IMPGSL001","N2O",1,2041,2.29781817549817e-06
"CLEWSity","IMPGSL001","N2O",1,2042,2.34254815504229e-06
"CLEWSity","IMPGSL001","N2O",1,2043,2.38961096260847e-06
"CLEWSity","IMPGSL001","N2O",1,2044,2.43434094215259e-06
"CLEWSity","IMPGSL001","N2O",1,2045,2.4490296281333e-06
"CLEWSity","IMPGSL001","N2O",1,2046,2.59837194530882e-06
"CLEWSity","IMPGSL001","N2O",1,2047,2.655356237875e-06
"CLEWSity","IMPGSL001","N2O",1,2048,2.71234142006618e-06
"CLEWSity","IMPGSL001","N2O",1,2049,2.76857119498529e-06
"CLEWSity","IMPGSL001","N2O",1,2050,2.82555548755147e-06
"CLEWSity","IMPGSL001","N2O",1,2051,2.89504500283088e-06
"CLEWSity","IMPGSL001","N2O",1,2052,2.96532322848529e-06
"CLEWSity","IMPGSL001","N2O",1,2053,3.03714646141177e-06
"CLEWSity","IMPGSL001","N2O",1,2054,3.10690511206618e-06
"CLEWSity","IMPGSL001","N2O",1,2055,3.57025493730841e-06
"CLEWSity","LNDFOR001","CO2",1,2020,-41.475
"CLEWSity","LNDFOR001","CO2",1,2021,-40.7877
"CLEWSity","LNDFOR001","CO2",1,2022,-40.0925
"CLEWSity","LNDFOR001","CO2",1,2023,-39.4052
"CLEWSity","LNDFOR001","CO2",1,2024,-38.71
"CLEWSity","LNDFOR001","CO2",1,2025,-38.0227
"CLEWSity","LNDFOR001","CO2",1,2026,-37.3275
"CLEWSity","LNDFOR001","CO2",1,2027,-36.6402
"CLEWSity","LNDFOR001","CO2",1,2028,-35.945
"CLEWSity","LNDFOR001","CO2",1,2029,-35.2577
"CLEWSity","LNDFOR001","CO2",1,2030,-34.5625
"CLEWSity","LNDFOR001","CO2",1,2031,-33.8752
"CLEWSity","LNDFOR001","CO2",1,2032,-33.18
"CLEWSity","LNDFOR001","CO2",1,2033,-32.4927
"CLEWSity","LNDFOR001","CO2",1,2034,-31.7975
"CLEWSity","LNDFOR001","CO2",1,2035,-31.1102
"CLEWSity","LNDFOR001","CO2",1,2036,-30.415
"CLEWSity","LNDFOR001","CO2",1,2037,-29.7277
"CLEWSity","LNDFOR001","CO2",1,2038,-29.0325
"CLEWSity","LNDFOR001","CO2",1,2039,-28.3452
"CLEWSity","LNDFOR001","CO2",1,2040,-27.65
"CLEWSity","LNDFOR001","CO2",1,2041,-26.9627
"CLEWSity","LNDFOR001","CO2",1,2042,-26.2675
"CLEWSity","LNDFOR001","CO2",1,2043,-25.5802
"CLEWSity","LNDFOR001","CO2",1,2044,-24.885
"CLEWSity","LNDFOR001","CO2",1,2045,-24.5067368395352
"CLEWSity","LNDFOR001","CO2",1,2046,-26.9232385490384
"CLEWSity","LNDFOR001","CO2",1,2047,-27.3815967745616
"CLEWSity","LNDFOR001","CO2",1,2048,-27.6421801252277
"CLEWSity","LNDFOR001","CO2",1,2049,-29.3455539561438
"CLEWSity","LNDFOR001","CO2",1,2050,-29.736577121865
"CLEWSity","LNDFOR001","CO2",1,2051,-30.1178121324522
"CLEWSity","LNDFOR001","CO2",1,2052,-30.5417105958723
"CLEWSity","LNDFOR001","CO2",1,2053,-30.9861155866063
"CLEWSity","LNDFOR001","CO2",1,2054,-31.554147046245
"CLEWSity","LNDFOR001","CO2",1,2055,-32.5131710492047
"CLEWSity","LNDFOR001","CO2EQ",1,2020,-41.475
"CLEWSity","LNDFOR001","CO2EQ",1,2021,-40.7877
"CLEWSity","LNDFOR001","CO2EQ",1,2022,-40.0925
"CLEWSity","LNDFOR001","CO2EQ",1,2023,-39.4052
"CLEWSity","LNDFOR001","CO2EQ",1,2024,-38.71
"CLEWSity","LNDFOR001","CO2EQ",1,2025,-38.0227
"CLEWSity","LNDFOR001","CO2EQ",1,2026,-37.3275
"CLEWSity","LNDFOR001","CO2EQ",1,2027,-36.6402
"CLEWSity","LNDFOR001","CO2EQ",1,2028,-35.945
"CLEWSity","LNDFOR001","CO2EQ",1,2029,-35.2577
"CLEWSity","LNDFOR001","CO2EQ",1,2030,-34.5625
"CLEWSity","LNDFOR001","CO2EQ",1,2031,-33.8752
"CLEWSity","LNDFOR001","CO2EQ",1,2032,-33.18
"CLEWSity","LNDFOR001","CO2EQ",1,2033,-32.4927
"CLEWSity","LNDFOR001","CO2EQ",1,2034,-31.7975
"CLEWSity","LNDFOR001","CO2EQ",1,2035,-31.1102
"CLEWSity","LNDFOR001","CO2EQ",1,2036,-30.415
"CLEWSity","LNDFOR001","CO2EQ",1,2037,-29.7277
"CLEWSity","LNDFOR001","CO2EQ",1,2038,-29.0325
"CLEWSity","LNDFOR001","CO2EQ",1,2039,-28.3452
"CLEWSity","LNDFOR001","CO2EQ",1,2040,-27.65
"CLEWSity","LNDFOR001","CO2EQ",1,2041,-26.9627
"CLEWSity","LNDFOR001","CO2EQ",1,2042,-26.2675
"CLEWSity","LNDFOR001","CO2EQ",1,2043,-25.5802
"CLEWSity","LNDFOR001","CO2EQ",1,2044,-24.885
"CLEWSity","LNDFOR001","CO2EQ",1,2045,-24.5067368395352
"CLEWSity","LNDFOR001","CO2EQ",1,2046,-26.9232385490384
"CLEWSity","LNDFOR001","CO2EQ",1,2047,-27.3815967745616
"CLEWSity","LNDFOR001","CO2EQ",1,2048,-27.6421801252277
"CLEWSity","LNDFOR001","CO2EQ",1,2049,-29.3455539561438
"CLEWSity","LNDFOR001","CO2EQ",1,2050,-29.736577121865
"CLEWSity","LNDFOR001","CO2EQ",1,2051,-30.1178121324522
"CLEWSity","LNDFOR001","CO2EQ",1,2052,-30.5417105958723
"CLEWSity","LNDFOR001","CO2EQ",1,2053,-30.9861155866063
"CLEWSity","LNDFOR001","CO2EQ",1,2054,-31.554147046245
"CLEWSity","LNDFOR001","CO2EQ",1,2055,-32.5131710492047
"CLEWSity","MINGAS001","CH4",1,2020,8.32110779645373e-05
"CLEWSity","MINGAS001","CH4",1,2021,8.73809810830963e-05
"CLEWSity","MINGAS001","CH4",1,2022,9.28451100843136e-05
"CLEWSity","MINGAS001","CH4",1,2023,9.67496129564373e-05
"CLEWSity","MINGAS001","CH4",1,2024,0.000102253512795677
"CLEWSity","MINGAS001","CH4",1,2025,0.00010971433216045
"CLEWSity","MINGAS001","CH4",1,2026,0.000122932989235013
"CLEWSity","MINGAS001","CH4",1,2027,0.000123354203082027
"CLEWSity","MINGAS001","CH4",1,2028,0.000128735217487044
"CLEWSity","MINGAS001","CH4",1,2029,0.000129489446136501
"CLEWSity","MINGAS001","CH4",1,2030,0.000127657798140609
"CLEWSity","MINGAS001","CH4",1,2031,0.000132396350196287
"CLEWSity","MINGAS001","CH4",1,2032,0.000138329481415912
"CLEWSity","MINGAS001","CH4",1,2033,0.000143086639205084
"CLEWSity","MINGAS001","CH4",1,2034,0.000149041974197442
"CLEWSity","MINGAS001","CH4",1,2035,0.000155671398962206
"CLEWSity","MINGAS001","CH4",1,2036,0.000165866820391901
"CLEWSity","MINGAS001","CH4",1,2037,0.00017476389431375
"CLEWSity","MINGAS001","CH4",1,2038,0.000180312153317818
"CLEWSity","MINGAS001","CH4",1,2039,0.00018666702811491
"CLEWSity","MINGAS001","CH4",1,2040,0.000184843337212491
"CLEWSity","MINGAS001","CH4",1,2041,0.000192239740628765
"CLEWSity","MINGAS001","CH4",1,2042,0.000199628404907629
"CLEWSity","MINGAS001","CH4",1,2043,0.0002
"CLEWSity","MINGAS001","CH4",1,2044,0.0002
"CLEWSity","MINGAS001","CH4",1,2045,0.0002
"CLEWSity","MINGAS001","CH4",1,2046,0.0002
"CLEWSity","MINGAS001","CH4",1,2047,0.0002
"CLEWSity","MINGAS001","CH4",1,2048,0.0002
"CLEWSity","MINGAS001","CH4",1,2049,0.0002
"CLEWSity","MINGAS001","CH4",1,2050,0.0002
"CLEWSity","MINGAS001","CH4",1,2051,0.0002
"CLEWSity","MINGAS001","CH4",1,2052,0.0002
"CLEWSity","MINGAS001","CH4",1,2053,0.0002
"CLEWSity","MINGAS001","CH4",1,2054,0.0002
"CLEWSity","MINGAS001","CH4",1,2055,0.0002
"CLEWSity","MINGAS001","CO2",1,2020,4.66814147381054
"CLEWSity","MINGAS001","CO2",1,2021,4.9020730387617
"CLEWSity","MINGAS001","CO2",1,2022,5.20861067572999
"CLEWSity","MINGAS001","CO2",1,2023,5.42765328685613
"CLEWSity","MINGAS001","CO2",1,2024,5.73642206783751
"CLEWSity","MINGAS001","CO2",1,2025,6.15497403420123
"CLEWSity","MINGAS001","CO2",1,2026,6.89654069608424
"CLEWSity","MINGAS001","CO2",1,2027,6.92017079290171
"CLEWSity","MINGAS001","CO2",1,2028,7.22204570102317
"CLEWSity","MINGAS001","CO2",1,2029,7.26435792825771
"CLEWSity","MINGAS001","CO2",1,2030,7.16160247568818
"CLEWSity","MINGAS001","CO2",1,2031,7.4274352460117
"CLEWSity","MINGAS001","CO2",1,2032,7.76028390743268
"CLEWSity","MINGAS001","CO2",1,2033,8.02716045940519
"CLEWSity","MINGAS001","CO2",1,2034,8.36125475247647
"CLEWSity","MINGAS001","CO2",1,2035,8.73316548177978
"CLEWSity","MINGAS001","CO2",1,2036,9.30512862398563
"CLEWSity","MINGAS001","CO2",1,2037,9.80425447100135
"CLEWSity","MINGAS001","CO2",1,2038,10.1155118011296
"CLEWSity","MINGAS001","CO2",1,2039,10.4720202772465
"CLEWSity","MINGAS001","CO2",1,2040,10.3697112176207
"CLEWSity","MINGAS001","CO2",1,2041,10.7846494492737
"CLEWSity","MINGAS001","CO2",1,2042,11.199153515318
"CLEWSity","MINGAS001","CO2",1,2043,11.22
"CLEWSity","MINGAS001","CO2",1,2044,11.22
"CLEWSity","MINGAS001","CO2",1,2045,11.22
"CLEWSity","MINGAS001","CO2",1,2046,11.22
"CLEWSity","MINGAS001","CO2",1,2047,11.22
"CLEWSity","MINGAS001","CO2",1,2048,11.22
"CLEWSity","MINGAS001","CO2",1,2049,11.22
"CLEWSity","MINGAS001","CO2",1,2050,11.22
"CLEWSity","MINGAS001","CO2",1,2051,11.22
"CLEWSity","MINGAS001","CO2",1,2052,11.22
"CLEWSity","MINGAS001","CO2",1,2053,11.22
"CLEWSity","MINGAS001","CO2",1,2054,11.22
"CLEWSity","MINGAS001","CO2",1,2055,11.22
"CLEWSity","MINGAS001","CO2EQ",1,2020,4.67271808309859
"CLEWSity","MINGAS001","CO2EQ",1,2021,4.90687899272127
"CLEWSity","MINGAS001","CO2EQ",1,2022,5.21371715678463
"CLEWSity","MINGAS001","CO2EQ",1,2023,5.43297451556874
"CLEWSity","MINGAS001","CO2EQ",1,2024,5.74204601104127
"CLEWSity","MINGAS001","CO2EQ",1,2025,6.16100832247006
"CLEWSity","MINGAS001","CO2EQ",1,2026,6.90330201049217
"CLEWSity","MINGAS001","CO2EQ",1,2027,6.92695527407122
"CLEWSity","MINGAS001","CO2EQ",1,2028,7.22912613798495
"CLEWSity","MINGAS001","CO2EQ",1,2029,7.27147984779521
"CLEWSity","MINGAS001","CO2EQ",1,2030,7.16862365458591
"CLEWSity","MINGAS001","CO2EQ",1,2031,7.43471704527249
"CLEWSity","MINGAS001","CO2EQ",1,2032,7.76789202891055
"CLEWSity","MINGAS001","CO2EQ",1,2033,8.03503022456147
"CLEWSity","MINGAS001","CO2EQ",1,2034,8.36945206105733
"CLEWSity","MINGAS001","CO2EQ",1,2035,8.7417274087227
"CLEWSity","MINGAS001","CO2EQ",1,2036,9.31425129910719
"CLEWSity","MINGAS001","CO2EQ",1,2037,9.8138664851886
"CLEWSity","MINGAS001","CO2EQ",1,2038,10.125428969562
"CLEWSity","MINGAS001","CO2EQ",1,2039,10.4822869637928
"CLEWSity","MINGAS001","CO2EQ",1,2040,10.3798776011674
"CLEWSity","MINGAS001","CO2EQ",1,2041,10.7952226350083
"CLEWSity","MINGAS001","CO2EQ",1,2042,11.2101330775879
"CLEWSity","MINGAS001","CO2EQ",1,2043,11.231
"CLEWSity","MINGAS001","CO2EQ",1,2044,11.231
"CLEWSity","MINGAS001","CO2EQ",1,2045,11.231
"CLEWSity","MINGAS001","CO2EQ",1,2046,11.231
"CLEWSity","MINGAS001","CO2EQ",1,2047,11.231
"CLEWSity","MINGAS001","CO2EQ",1,2048,11.231
"CLEWSity","MINGAS001","CO2EQ",1,2049,11.231
"CLEWSity","MINGAS001","CO2EQ",1,2050,11.231
"CLEWSity","MINGAS001","CO2EQ",1,2051,11.231
"CLEWSity","MINGAS001","CO2EQ",1,2052,11.231
"CLEWSity","MINGAS001","CO2EQ",1,2053,11.231
"CLEWSity","MINGAS001","CO2EQ",1,2054,11.231
"CLEWSity","MINGAS001","CO2EQ",1,2055,11.231
"CLEWSity","MINGAS001","N2O",1,2020,8.32110779645373e-06
"CLEWSity","MINGAS001","N2O",1,2021,8.73809810830963e-06
"CLEWSity","MINGAS001","N2O",1,2022,9.28451100843135e-06
"CLEWSity","MINGAS001","N2O",1,2023,9.67496129564373e-06
"CLEWSity","MINGAS001","N2O",1,2024,1.02253512795677e-05
"CLEWSity","MINGAS001","N2O",1,2025,1.0971433216045e-05
"CLEWSity","MINGAS001","N2O",1,2026,1.22932989235013e-05
"CLEWSity","MINGAS001","N2O",1,2027,1.23354203082027e-05
"CLEWSity","MINGAS001","N2O",1,2028,1.28735217487044e-05
"CLEWSity","MINGAS001","N2O",1,2029,1.29489446136501e-05
"CLEWSity","MINGAS001","N2O",1,2030,1.27657798140609e-05
"CLEWSity","MINGAS001","N2O",1,2031,1.32396350196287e-05
"CLEWSity","MINGAS001","N2O",1,2032,1.38329481415912e-05
"CLEWSity","MINGAS001","N2O",1,2033,1.43086639205084e-05
"CLEWSity","MINGAS001","N2O",1,2034,1.49041974197442e-05
"CLEWSity","MINGAS001","N2O",1,2035,1.55671398962206e-05
"CLEWSity","MINGAS001","N2O",1,2036,1.65866820391901e-05
"CLEWSity","MINGAS001","N2O",1,2037,1.7476389431375e-05
"CLEWSity","MINGAS001","N2O",1,2038,1.80312153317818e-05
"CLEWSity","MINGAS001","N2O",1,2039,1.8666702811491e-05
"CLEWSity","MINGAS001","N2O",1,2040,1.84843337212491e-05
"CLEWSity","MINGAS001","N2O",1,2041,1.92239740628765e-05
"CLEWSity","MINGAS001","N2O",1,2042,1.99628404907629e-05
"CLEWSity","MINGAS001","N2O",1,2043,2e-05
"CLEWSity","MINGAS001","N2O",1,2044,2e-05
"CLEWSity","MINGAS001","N2O",1,2045,2e-05
"CLEWSity","MINGAS001","N2O",1,2046,2e-05
"CLEWSity","MINGAS001","N2O",1,2047,2e-05
"CLEWSity","MINGAS001","N2O",1,2048,2e-05
"CLEWSity","MINGAS001","N2O",1,2049,2e-05
"CLEWSity","MINGAS001","N2O",1,2050,2e-05
"CLEWSity","MINGAS001","N2O",1,2051,2e-05
"CLEWSity","MINGAS001","N2O",1,2052,2e-05
"CLEWSity","MINGAS001","N2O",1,2053,2e-05
"CLEWSity","MINGAS001","N2O",1,2054,2e-05
"CLEWSity","MINGAS001","N2O",1,2055,2e-05
"CLEWSity","PRCBAG001","CH4",1,2020,0.000237024
"CLEWSity","PRCBAG001","CH4",1,2021,0.000249982012119722
"CLEWSity","PRCBAG001","CH4",1,2022,0.000299341032641048
"CLEWSity","PRCBAG001","CH4",1,2023,0.000299341032641048
"CLEWSity","PRCBAG001","CH4",1,2024,0.000350021355641048
"CLEWSity","PRCBAG001","CH4",1,2025,0.000451382001641048
"CLEWSity","PRCBAG001","CH4",1,2026,0.000451382001641048
"CLEWSity","PRCBAG001","CH4",1,2027,0.000515861562129675
"CLEWSity","PRCBAG001","CH4",1,2028,0.000515861562129675
"CLEWSity","PRCBAG001","CH4",1,2029,0.000515861562129675
"CLEWSity","PRCBAG001","CH4",1,2030,0.000486598281729675
"CLEWSity","PRCBAG001","CH4",1,2031,0.000486598281729675
"CLEWSity","PRCBAG001","CH4",1,2032,0.000486598281729675
"CLEWSity","PRCBAG001","CH4",1,2033,0.000486598281729675
"CLEWSity","PRCBAG001","CH4",1,2034,0.000486598281729675
"CLEWSity","PRCBAG001","CH4",1,2035,0.000486598281729675
"CLEWSity","PRCBAG001","CH4",1,2036,0.000457839293609953
"CLEWSity","PRCBAG001","CH4",1,2037,0.000395185916225186
"CLEWSity","PRCBAG001","CH4",1,2038,0.000380995424317494
"CLEWSity","PRCBAG001","CH4",1,2039,0.000316871856088627
"CLEWSity","PRCBAG001","CH4",1,2040,0.000515861562129675
"CLEWSity","PRCBAG001","CH4",1,2041,0.000515861562129675
"CLEWSity","PRCBAG001","CH4",1,2042,0.000515861562129675
"CLEWSity","PRCBAG001","CH4",1,2043,0.000864881309949068
"CLEWSity","PRCBAG001","CH4",1,2044,0.00060170061486091
"CLEWSity","PRCBAG001","CH4",1,2045,0.000422356438133565
"CLEWSity","PRCBAG001","CH4",1,2046,0.00105611078170593
"CLEWSity","PRCBAG001","CH4",1,2047,0.00111966816502609
"CLEWSity","PRCBAG001","CH4",1,2048,0.00112482120460194
"CLEWSity","PRCBAG001","CH4",1,2049,0.00155454
"CLEWSity","PRCBAG001","CH4",1,2050,0.00158625
"CLEWSity","PRCBAG001","CH4",1,2051,0.00162540288
"CLEWSity","PRCBAG001","CH4",1,2052,0.00166546944
"CLEWSity","PRCBAG001","CH4",1,2053,0.00170523
"CLEWSity","PRCBAG001","CH4",1,2054,0.00174489
"CLEWSity","PRCBAG001","CH4",1,2055,0.00178452
"CLEWSity","PRCBAG001","CO2",1,2020,0.79008
"CLEWSity","PRCBAG001","CO2",1,2021,0.833273373732407
"CLEWSity","PRCBAG001","CO2",1,2022,0.997803442136827
"CLEWSity","PRCBAG001","CO2",1,2023,0.997803442136827
"CLEWSity","PRCBAG001","CO2",1,2024,1.16673785213683
"CLEWSity","PRCBAG001","CO2",1,2025,1.50460667213683
"CLEWSity","PRCBAG001","CO2",1,2026,1.50460667213683
"CLEWSity","PRCBAG001","CO2",1,2027,1.71953854043225
"CLEWSity","PRCBAG001","CO2",1,2028,1.71953854043225
"CLEWSity","PRCBAG001","CO2",1,2029,1.71953854043225
"CLEWSity","PRCBAG001","CO2",1,2030,1.62199427243225
"CLEWSity","PRCBAG001","CO2",1,2031,1.62199427243225
"CLEWSity","PRCBAG001","CO2",1,2032,1.62199427243225
"CLEWSity","PRCBAG001","CO2",1,2033,1.62199427243225
"CLEWSity","PRCBAG001","CO2",1,2034,1.62199427243225
"CLEWSity","PRCBAG001","CO2",1,2035,1.62199427243225
"CLEWSity","PRCBAG001","CO2",1,2036,1.52613097869984
"CLEWSity","PRCBAG001","CO2",1,2037,1.31728638741729
"CLEWSity","PRCBAG001","CO2",1,2038,1.26998474772498
"CLEWSity","PRCBAG001","CO2",1,2039,1.05623952029542
"CLEWSity","PRCBAG001","CO2",1,2040,1.71953854043225
"CLEWSity","PRCBAG001","CO2",1,2041,1.71953854043225
"CLEWSity","PRCBAG001","CO2",1,2042,1.71953854043225
"CLEWSity","PRCBAG001","CO2",1,2043,2.88293769983023
"CLEWSity","PRCBAG001","CO2",1,2044,2.00566871620303
"CLEWSity","PRCBAG001","CO2",1,2045,1.40785479377855
"CLEWSity","PRCBAG001","CO2",1,2046,3.5203692723531
"CLEWSity","PRCBAG001","CO2",1,2047,3.73222721675363
"CLEWSity","PRCBAG001","CO2",1,2048,3.7494040153398
"CLEWSity","PRCBAG001","CO2",1,2049,5.1818
"CLEWSity","PRCBAG001","CO2",1,2050,5.2875
"CLEWSity","PRCBAG001","CO2",1,2051,5.4180096
"CLEWSity","PRCBAG001","CO2",1,2052,5.5515648
"CLEWSity","PRCBAG001","CO2",1,2053,5.6841
"CLEWSity","PRCBAG001","CO2",1,2054,5.8163
"CLEWSity","PRCBAG001","CO2",1,2055,5.9484
"CLEWSity","PRCBAG001","CO2EQ",1,2020,0.80509152
"CLEWSity","PRCBAG001","CO2EQ",1,2021,0.849105567833322
"CLEWSity","PRCBAG001","CO2EQ",1,2022,1.01676170753743
"CLEWSity","PRCBAG001","CO2EQ",1,2023,1.01676170753743
"CLEWSity","PRCBAG001","CO2EQ",1,2024,1.18890587132743
"CLEWSity","PRCBAG001","CO2EQ",1,2025,1.53319419890743
"CLEWSity","PRCBAG001","CO2EQ",1,2026,1.53319419890743
"CLEWSity","PRCBAG001","CO2EQ",1,2027,1.75220977270046
"CLEWSity","PRCBAG001","CO2EQ",1,2028,1.75220977270046
"CLEWSity","PRCBAG001","CO2EQ",1,2029,1.75220977270046
"CLEWSity","PRCBAG001","CO2EQ",1,2030,1.65281216360846
"CLEWSity","PRCBAG001","CO2EQ",1,2031,1.65281216360846
"CLEWSity","PRCBAG001","CO2EQ",1,2032,1.65281216360846
"CLEWSity","PRCBAG001","CO2EQ",1,2033,1.65281216360846
"CLEWSity","PRCBAG001","CO2EQ",1,2034,1.65281216360846
"CLEWSity","PRCBAG001","CO2EQ",1,2035,1.65281216360846
"CLEWSity","PRCBAG001","CO2EQ",1,2036,1.55512746729514
"CLEWSity","PRCBAG001","CO2EQ",1,2037,1.34231482877822
"CLEWSity","PRCBAG001","CO2EQ",1,2038,1.29411445793176
"CLEWSity","PRCBAG001","CO2EQ",1,2039,1.07630807118104
"CLEWSity","PRCBAG001","CO2EQ",1,2040,1.75220977270046
"CLEWSity","PRCBAG001","CO2EQ",1,2041,1.75220977270046
"CLEWSity","PRCBAG001","CO2EQ",1,2042,1.75220977270046
"CLEWSity","PRCBAG001","CO2EQ",1,2043,2.937713516127
"CLEWSity","PRCBAG001","CO2EQ",1,2044,2.04377642181089
"CLEWSity","PRCBAG001","CO2EQ",1,2045,1.43460403486034
"CLEWSity","PRCBAG001","CO2EQ",1,2046,3.58725628852781
"CLEWSity","PRCBAG001","CO2EQ",1,2047,3.80313953387195
"CLEWSity","PRCBAG001","CO2EQ",1,2048,3.82064269163126
"CLEWSity","PRCBAG001","CO2EQ",1,2049,5.2802542
"CLEWSity","PRCBAG001","CO2EQ",1,2050,5.3879625
"CLEWSity","PRCBAG001","CO2EQ",1,2051,5.5209517824
"CLEWSity","PRCBAG001","CO2EQ",1,2052,5.6570445312
"CLEWSity","PRCBAG001","CO2EQ",1,2053,5.7920979
"CLEWSity","PRCBAG001","CO2EQ",1,2054,5.9268097
"CLEWSity","PRCBAG001","CO2EQ",1,2055,6.0614196
"CLEWSity","PRCBAG001","N2O",1,2020,3.16032e-05
"CLEWSity","PRCBAG001","N2O",1,2021,3.33309349492963e-05
"CLEWSity","PRCBAG001","N2O",1,2022,3.99121376854731e-05
"CLEWSity","PRCBAG001","N2O",1,2023,3.99121376854731e-05
"CLEWSity","PRCBAG001","N2O",1,2024,4.66695140854731e-05
"CLEWSity","PRCBAG001","N2O",1,2025,6.01842668854731e-05
"CLEWSity","PRCBAG001","N2O",1,2026,6.01842668854731e-05
"CLEWSity","PRCBAG001","N2O",1,2027,6.878154161729e-05
"CLEWSity","PRCBAG001","N2O",1,2028,6.878154161729e-05
"CLEWSity","PRCBAG001","N2O",1,2029,6.878154161729e-05
"CLEWSity","PRCBAG001","N2O",1,2030,6.48797708972901e-05
"CLEWSity","PRCBAG001","N2O",1,2031,6.48797708972901e-05
"CLEWSity","PRCBAG001","N2O",1,2032,6.48797708972901e-05
"CLEWSity","PRCBAG001","N2O",1,2033,6.48797708972901e-05
"CLEWSity","PRCBAG001","N2O",1,2034,6.48797708972901e-05
"CLEWSity","PRCBAG001","N2O",1,2035,6.487977089729e-05
"CLEWSity","PRCBAG001","N2O",1,2036,6.10452391479938e-05
"CLEWSity","PRCBAG001","N2O",1,2037,5.26914554966915e-05
"CLEWSity","PRCBAG001","N2O",1,2038,5.07993899089993e-05
"CLEWSity","PRCBAG001","N2O",1,2039,4.2249580811817e-05
"CLEWSity","PRCBAG001","N2O",1,2040,6.878154161729e-05
"CLEWSity","PRCBAG001","N2O",1,2041,6.878154161729e-05
"CLEWSity","PRCBAG001","N2O",1,2042,6.878154161729e-05
"CLEWSity","PRCBAG001","N2O",1,2043,0.000115317507993209
"CLEWSity","PRCBAG001","N2O",1,2044,8.02267486481213e-05
"CLEWSity","PRCBAG001","N2O",1,2045,5.6314191751142e-05
"CLEWSity","PRCBAG001","N2O",1,2046,0.000140814770894124
"CLEWSity","PRCBAG001","N2O",1,2047,0.000149289088670145
"CLEWSity","PRCBAG001","N2O",1,2048,0.000149976160613592
"CLEWSity","PRCBAG001","N2O",1,2049,0.000207272
"CLEWSity","PRCBAG001","N2O",1,2050,0.0002115
"CLEWSity","PRCBAG001","N2O",1,2051,0.000216720384
"CLEWSity","PRCBAG001","N2O",1,2052,0.000222062592
"CLEWSity","PRCBAG001","N2O",1,2053,0.000227364
"CLEWSity","PRCBAG001","N2O",1,2054,0.000232652
"CLEWSity","PRCBAG001","N2O",1,2055,0.000237936
